Linha Excel,Instituição,Vínculo,CNES,Aditivo,Código Original,Código Corrigido,Nome do Procedimento,Modo de Correção
2,N/A,346/2026,N/A,N/A,202010023,0202010023,,Auto-Correção (Omissão de Zero)
3,N/A,346/2026,N/A,N/A,202010040,0202010040,,Auto-Correção (Omissão de Zero)
4,N/A,346/2026,N/A,N/A,202010082,0202010082,,Auto-Correção (Omissão de Zero)
5,N/A,346/2026,N/A,N/A,202010120,0202010120,,Auto-Correção (Omissão de Zero)
6,N/A,346/2026,N/A,N/A,202010139,0202010139,,Auto-Correção (Omissão de Zero)
7,N/A,346/2026,N/A,N/A,202010163,0202010163,,Auto-Correção (Omissão de Zero)
8,N/A,346/2026,N/A,N/A,202010180,0202010180,,Auto-Correção (Omissão de Zero)
9,N/A,346/2026,N/A,N/A,202010201,0202010201,,Auto-Correção (Omissão de Zero)
10,N/A,346/2026,N/A,N/A,202010210,0202010210,,Auto-Correção (Omissão de Zero)
11,N/A,346/2026,N/A,N/A,202010228,0202010228,,Auto-Correção (Omissão de Zero)
12,N/A,346/2026,N/A,N/A,202010260,0202010260,,Auto-Correção (Omissão de Zero)
13,N/A,346/2026,N/A,N/A,202010279,0202010279,,Auto-Correção (Omissão de Zero)
14,N/A,346/2026,N/A,N/A,202010287,0202010287,,Auto-Correção (Omissão de Zero)
15,N/A,346/2026,N/A,N/A,202010295,0202010295,,Auto-Correção (Omissão de Zero)
16,N/A,346/2026,N/A,N/A,202010317,0202010317,,Auto-Correção (Omissão de Zero)
17,N/A,346/2026,N/A,N/A,202010325,0202010325,,Auto-Correção (Omissão de Zero)
18,N/A,346/2026,N/A,N/A,202010333,0202010333,,Auto-Correção (Omissão de Zero)
19,N/A,346/2026,N/A,N/A,202010368,0202010368,,Auto-Correção (Omissão de Zero)
20,N/A,346/2026,N/A,N/A,202010384,0202010384,,Auto-Correção (Omissão de Zero)
21,N/A,346/2026,N/A,N/A,202010392,0202010392,,Auto-Correção (Omissão de Zero)
22,N/A,346/2026,N/A,N/A,202010406,0202010406,,Auto-Correção (Omissão de Zero)
23,N/A,346/2026,N/A,N/A,202010414,0202010414,,Auto-Correção (Omissão de Zero)
24,N/A,346/2026,N/A,N/A,202010422,0202010422,,Auto-Correção (Omissão de Zero)
25,N/A,346/2026,N/A,N/A,202010430,0202010430,,Auto-Correção (Omissão de Zero)
26,N/A,346/2026,N/A,N/A,202010465,0202010465,,Auto-Correção (Omissão de Zero)
27,N/A,346/2026,N/A,N/A,202010473,0202010473,,Auto-Correção (Omissão de Zero)
28,N/A,346/2026,N/A,N/A,202010503,0202010503,,Auto-Correção (Omissão de Zero)
29,N/A,346/2026,N/A,N/A,202010554,0202010554,,Auto-Correção (Omissão de Zero)
30,N/A,346/2026,N/A,N/A,202010562,0202010562,,Auto-Correção (Omissão de Zero)
31,N/A,346/2026,N/A,N/A,202010570,0202010570,,Auto-Correção (Omissão de Zero)
32,N/A,346/2026,N/A,N/A,202010600,0202010600,,Auto-Correção (Omissão de Zero)
33,N/A,346/2026,N/A,N/A,202010619,0202010619,,Auto-Correção (Omissão de Zero)
34,N/A,346/2026,N/A,N/A,202010627,0202010627,,Auto-Correção (Omissão de Zero)
35,N/A,346/2026,N/A,N/A,202010635,0202010635,,Auto-Correção (Omissão de Zero)
36,N/A,346/2026,N/A,N/A,202010643,0202010643,,Auto-Correção (Omissão de Zero)
37,N/A,346/2026,N/A,N/A,202010651,0202010651,,Auto-Correção (Omissão de Zero)
38,N/A,346/2026,N/A,N/A,202010660,0202010660,,Auto-Correção (Omissão de Zero)
39,N/A,346/2026,N/A,N/A,202010678,0202010678,,Auto-Correção (Omissão de Zero)
40,N/A,346/2026,N/A,N/A,202010694,0202010694,,Auto-Correção (Omissão de Zero)
41,N/A,346/2026,N/A,N/A,202010708,0202010708,,Auto-Correção (Omissão de Zero)
42,N/A,346/2026,N/A,N/A,202010724,0202010724,,Auto-Correção (Omissão de Zero)
43,N/A,346/2026,N/A,N/A,202010767,0202010767,,Auto-Correção (Omissão de Zero)
44,N/A,346/2026,N/A,N/A,202020029,0202020029,,Auto-Correção (Omissão de Zero)
45,N/A,346/2026,N/A,N/A,202020037,0202020037,,Auto-Correção (Omissão de Zero)
46,N/A,346/2026,N/A,N/A,202020070,0202020070,,Auto-Correção (Omissão de Zero)
47,N/A,346/2026,N/A,N/A,202020096,0202020096,,Auto-Correção (Omissão de Zero)
48,N/A,346/2026,N/A,N/A,202020134,0202020134,,Auto-Correção (Omissão de Zero)
49,N/A,346/2026,N/A,N/A,202020142,0202020142,,Auto-Correção (Omissão de Zero)
50,N/A,346/2026,N/A,N/A,202020150,0202020150,,Auto-Correção (Omissão de Zero)
51,N/A,346/2026,N/A,N/A,202020290,0202020290,,Auto-Correção (Omissão de Zero)
52,N/A,346/2026,N/A,N/A,202020355,0202020355,,Auto-Correção (Omissão de Zero)
53,N/A,346/2026,N/A,N/A,202020363,0202020363,,Auto-Correção (Omissão de Zero)
54,N/A,346/2026,N/A,N/A,202020371,0202020371,,Auto-Correção (Omissão de Zero)
55,N/A,346/2026,N/A,N/A,202020380,0202020380,,Auto-Correção (Omissão de Zero)
56,N/A,346/2026,N/A,N/A,202020398,0202020398,,Auto-Correção (Omissão de Zero)
57,N/A,346/2026,N/A,N/A,202020410,0202020410,,Auto-Correção (Omissão de Zero)
58,N/A,346/2026,N/A,N/A,202020444,0202020444,,Auto-Correção (Omissão de Zero)
59,N/A,346/2026,N/A,N/A,202020525,0202020525,,Auto-Correção (Omissão de Zero)
60,N/A,346/2026,N/A,N/A,202020541,0202020541,,Auto-Correção (Omissão de Zero)
61,N/A,346/2026,N/A,N/A,202030067,0202030067,,Auto-Correção (Omissão de Zero)
62,N/A,346/2026,N/A,N/A,202030075,0202030075,,Auto-Correção (Omissão de Zero)
63,N/A,346/2026,N/A,N/A,202030083,0202030083,,Auto-Correção (Omissão de Zero)
64,N/A,346/2026,N/A,N/A,202030091,0202030091,,Auto-Correção (Omissão de Zero)
65,N/A,346/2026,N/A,N/A,202030105,0202030105,,Auto-Correção (Omissão de Zero)
66,N/A,346/2026,N/A,N/A,202030121,0202030121,,Auto-Correção (Omissão de Zero)
67,N/A,346/2026,N/A,N/A,202030130,0202030130,,Auto-Correção (Omissão de Zero)
68,N/A,346/2026,N/A,N/A,202030156,0202030156,,Auto-Correção (Omissão de Zero)
69,N/A,346/2026,N/A,N/A,202030164,0202030164,,Auto-Correção (Omissão de Zero)
70,N/A,346/2026,N/A,N/A,202030180,0202030180,,Auto-Correção (Omissão de Zero)
71,N/A,346/2026,N/A,N/A,202030229,0202030229,,Auto-Correção (Omissão de Zero)
72,N/A,346/2026,N/A,N/A,202030253,0202030253,,Auto-Correção (Omissão de Zero)
73,N/A,346/2026,N/A,N/A,202030261,0202030261,,Auto-Correção (Omissão de Zero)
74,N/A,346/2026,N/A,N/A,202030270,0202030270,,Auto-Correção (Omissão de Zero)
75,N/A,346/2026,N/A,N/A,202030296,0202030296,,Auto-Correção (Omissão de Zero)
76,N/A,346/2026,N/A,N/A,202031500,0202031500,,Auto-Correção (Omissão de Zero)
77,N/A,346/2026,N/A,N/A,202031519,0202031519,,Auto-Correção (Omissão de Zero)
78,N/A,346/2026,N/A,N/A,202031527,0202031527,,Auto-Correção (Omissão de Zero)
79,N/A,346/2026,N/A,N/A,202030326,0202030326,,Auto-Correção (Omissão de Zero)
80,N/A,346/2026,N/A,N/A,202030342,0202030342,,Auto-Correção (Omissão de Zero)
81,N/A,346/2026,N/A,N/A,202030350,0202030350,,Auto-Correção (Omissão de Zero)
82,N/A,346/2026,N/A,N/A,202030369,0202030369,,Auto-Correção (Omissão de Zero)
83,N/A,346/2026,N/A,N/A,202030466,0202030466,,Auto-Correção (Omissão de Zero)
84,N/A,346/2026,N/A,N/A,202030474,0202030474,,Auto-Correção (Omissão de Zero)
85,N/A,346/2026,N/A,N/A,202030555,0202030555,,Auto-Correção (Omissão de Zero)
86,N/A,346/2026,N/A,N/A,202030580,0202030580,,Auto-Correção (Omissão de Zero)
87,N/A,346/2026,N/A,N/A,202030598,0202030598,,Auto-Correção (Omissão de Zero)
88,N/A,346/2026,N/A,N/A,202030628,0202030628,,Auto-Correção (Omissão de Zero)
89,N/A,346/2026,N/A,N/A,202030636,0202030636,,Auto-Correção (Omissão de Zero)
90,N/A,346/2026,N/A,N/A,202030644,0202030644,,Auto-Correção (Omissão de Zero)
91,N/A,346/2026,N/A,N/A,202031470,0202031470,,Auto-Correção (Omissão de Zero)
92,N/A,346/2026,N/A,N/A,202031489,0202031489,,Auto-Correção (Omissão de Zero)
93,N/A,346/2026,N/A,N/A,202031497,0202031497,,Auto-Correção (Omissão de Zero)
94,N/A,346/2026,N/A,N/A,202030733,0202030733,,Auto-Correção (Omissão de Zero)
95,N/A,346/2026,N/A,N/A,202030741,0202030741,,Auto-Correção (Omissão de Zero)
96,N/A,346/2026,N/A,N/A,202030750,0202030750,,Auto-Correção (Omissão de Zero)
97,N/A,346/2026,N/A,N/A,202030768,0202030768,,Auto-Correção (Omissão de Zero)
98,N/A,346/2026,N/A,N/A,202030784,0202030784,,Auto-Correção (Omissão de Zero)
99,N/A,346/2026,N/A,N/A,202030806,0202030806,,Auto-Correção (Omissão de Zero)
100,N/A,346/2026,N/A,N/A,202030814,0202030814,,Auto-Correção (Omissão de Zero)
101,N/A,346/2026,N/A,N/A,202030822,0202030822,,Auto-Correção (Omissão de Zero)
102,N/A,346/2026,N/A,N/A,202030830,0202030830,,Auto-Correção (Omissão de Zero)
103,N/A,346/2026,N/A,N/A,202030849,0202030849,,Auto-Correção (Omissão de Zero)
104,N/A,346/2026,N/A,N/A,202030857,0202030857,,Auto-Correção (Omissão de Zero)
105,N/A,346/2026,N/A,N/A,202030873,0202030873,,Auto-Correção (Omissão de Zero)
106,N/A,346/2026,N/A,N/A,202030890,0202030890,,Auto-Correção (Omissão de Zero)
107,N/A,346/2026,N/A,N/A,202030911,0202030911,,Auto-Correção (Omissão de Zero)
108,N/A,346/2026,N/A,N/A,202030920,0202030920,,Auto-Correção (Omissão de Zero)
109,N/A,346/2026,N/A,N/A,202030938,0202030938,,Auto-Correção (Omissão de Zero)
110,N/A,346/2026,N/A,N/A,202030946,0202030946,,Auto-Correção (Omissão de Zero)
111,N/A,346/2026,N/A,N/A,202030954,0202030954,,Auto-Correção (Omissão de Zero)
112,N/A,346/2026,N/A,N/A,202030962,0202030962,,Auto-Correção (Omissão de Zero)
113,N/A,346/2026,N/A,N/A,202031446,0202031446,,Auto-Correção (Omissão de Zero)
114,N/A,346/2026,N/A,N/A,202031454,0202031454,,Auto-Correção (Omissão de Zero)
115,N/A,346/2026,N/A,N/A,202031462,0202031462,,Auto-Correção (Omissão de Zero)
116,N/A,346/2026,N/A,N/A,202030989,0202030989,,Auto-Correção (Omissão de Zero)
117,N/A,346/2026,N/A,N/A,202031039,0202031039,,Auto-Correção (Omissão de Zero)
118,N/A,346/2026,N/A,N/A,202031110,0202031110,,Auto-Correção (Omissão de Zero)
119,N/A,346/2026,N/A,N/A,202031179,0202031179,,Auto-Correção (Omissão de Zero)
120,N/A,346/2026,N/A,N/A,202031187,0202031187,,Auto-Correção (Omissão de Zero)
121,N/A,346/2026,N/A,N/A,202031209,0202031209,,Auto-Correção (Omissão de Zero)
122,N/A,346/2026,N/A,N/A,202040038,0202040038,,Auto-Correção (Omissão de Zero)
123,N/A,346/2026,N/A,N/A,202040070,0202040070,,Auto-Correção (Omissão de Zero)
124,N/A,346/2026,N/A,N/A,202040089,0202040089,,Auto-Correção (Omissão de Zero)
125,N/A,346/2026,N/A,N/A,202040097,0202040097,,Auto-Correção (Omissão de Zero)
126,N/A,346/2026,N/A,N/A,202040100,0202040100,,Auto-Correção (Omissão de Zero)
127,N/A,346/2026,N/A,N/A,202040127,0202040127,,Auto-Correção (Omissão de Zero)
128,N/A,346/2026,N/A,N/A,202040135,0202040135,,Auto-Correção (Omissão de Zero)
129,N/A,346/2026,N/A,N/A,202040143,0202040143,,Auto-Correção (Omissão de Zero)
130,N/A,346/2026,N/A,N/A,202040151,0202040151,,Auto-Correção (Omissão de Zero)
131,N/A,346/2026,N/A,N/A,202050017,0202050017,,Auto-Correção (Omissão de Zero)
132,N/A,346/2026,N/A,N/A,202050025,0202050025,,Auto-Correção (Omissão de Zero)
133,N/A,346/2026,N/A,N/A,202050033,0202050033,,Auto-Correção (Omissão de Zero)
134,N/A,346/2026,N/A,N/A,202050041,0202050041,,Auto-Correção (Omissão de Zero)
135,N/A,346/2026,N/A,N/A,202050092,0202050092,,Auto-Correção (Omissão de Zero)
136,N/A,346/2026,N/A,N/A,202050114,0202050114,,Auto-Correção (Omissão de Zero)
137,N/A,346/2026,N/A,N/A,202060047,0202060047,,Auto-Correção (Omissão de Zero)
138,N/A,346/2026,N/A,N/A,202060098,0202060098,,Auto-Correção (Omissão de Zero)
139,N/A,346/2026,N/A,N/A,202060110,0202060110,,Auto-Correção (Omissão de Zero)
140,N/A,346/2026,N/A,N/A,202060136,0202060136,,Auto-Correção (Omissão de Zero)
141,N/A,346/2026,N/A,N/A,202060144,0202060144,,Auto-Correção (Omissão de Zero)
142,N/A,346/2026,N/A,N/A,202060152,0202060152,,Auto-Correção (Omissão de Zero)
143,N/A,346/2026,N/A,N/A,202060160,0202060160,,Auto-Correção (Omissão de Zero)
144,N/A,346/2026,N/A,N/A,202060187,0202060187,,Auto-Correção (Omissão de Zero)
145,N/A,346/2026,N/A,N/A,202060217,0202060217,,Auto-Correção (Omissão de Zero)
146,N/A,346/2026,N/A,N/A,202060225,0202060225,,Auto-Correção (Omissão de Zero)
147,N/A,346/2026,N/A,N/A,202060233,0202060233,,Auto-Correção (Omissão de Zero)
148,N/A,346/2026,N/A,N/A,202060241,0202060241,,Auto-Correção (Omissão de Zero)
149,N/A,346/2026,N/A,N/A,202060250,0202060250,,Auto-Correção (Omissão de Zero)
150,N/A,346/2026,N/A,N/A,202060268,0202060268,,Auto-Correção (Omissão de Zero)
151,N/A,346/2026,N/A,N/A,202060276,0202060276,,Auto-Correção (Omissão de Zero)
152,N/A,346/2026,N/A,N/A,202060292,0202060292,,Auto-Correção (Omissão de Zero)
153,N/A,346/2026,N/A,N/A,202060306,0202060306,,Auto-Correção (Omissão de Zero)
154,N/A,346/2026,N/A,N/A,202060322,0202060322,,Auto-Correção (Omissão de Zero)
155,N/A,346/2026,N/A,N/A,202060330,0202060330,,Auto-Correção (Omissão de Zero)
156,N/A,346/2026,N/A,N/A,202060349,0202060349,,Auto-Correção (Omissão de Zero)
157,N/A,346/2026,N/A,N/A,202060357,0202060357,,Auto-Correção (Omissão de Zero)
158,N/A,346/2026,N/A,N/A,202060365,0202060365,,Auto-Correção (Omissão de Zero)
159,N/A,346/2026,N/A,N/A,202060373,0202060373,,Auto-Correção (Omissão de Zero)
160,N/A,346/2026,N/A,N/A,202060381,0202060381,,Auto-Correção (Omissão de Zero)
161,N/A,346/2026,N/A,N/A,202060390,0202060390,,Auto-Correção (Omissão de Zero)
162,N/A,346/2026,N/A,N/A,202070050,0202070050,,Auto-Correção (Omissão de Zero)
163,N/A,346/2026,N/A,N/A,202070085,0202070085,,Auto-Correção (Omissão de Zero)
164,N/A,346/2026,N/A,N/A,202070158,0202070158,,Auto-Correção (Omissão de Zero)
165,N/A,346/2026,N/A,N/A,202070174,0202070174,,Auto-Correção (Omissão de Zero)
166,N/A,346/2026,N/A,N/A,202070352,0202070352,,Auto-Correção (Omissão de Zero)
167,N/A,346/2026,N/A,N/A,202080013,0202080013,,Auto-Correção (Omissão de Zero)
168,N/A,346/2026,N/A,N/A,202080048,0202080048,,Auto-Correção (Omissão de Zero)
169,N/A,346/2026,N/A,N/A,202080056,0202080056,,Auto-Correção (Omissão de Zero)
170,N/A,346/2026,N/A,N/A,202080064,0202080064,,Auto-Correção (Omissão de Zero)
171,N/A,346/2026,N/A,N/A,202080072,0202080072,,Auto-Correção (Omissão de Zero)
172,N/A,346/2026,N/A,N/A,202080080,0202080080,,Auto-Correção (Omissão de Zero)
173,N/A,346/2026,N/A,N/A,202080110,0202080110,,Auto-Correção (Omissão de Zero)
174,N/A,346/2026,N/A,N/A,202080129,0202080129,,Auto-Correção (Omissão de Zero)
175,N/A,346/2026,N/A,N/A,202080137,0202080137,,Auto-Correção (Omissão de Zero)
176,N/A,346/2026,N/A,N/A,202080145,0202080145,,Auto-Correção (Omissão de Zero)
177,N/A,346/2026,N/A,N/A,202120023,0202120023,,Auto-Correção (Omissão de Zero)
178,N/A,346/2026,N/A,N/A,202120082,0202120082,,Auto-Correção (Omissão de Zero)
179,N/A,346/2026,N/A,N/A,202120090,0202120090,,Auto-Correção (Omissão de Zero)
180,N/A,346/2026,N/A,N/A,202030318,0202030318,,Auto-Correção (Omissão de Zero)
181,N/A,264/2026,N/A,N/A,203020022,0203020022,,Auto-Correção (Omissão de Zero)
182,N/A,264/2026,N/A,N/A,203020030,0203020030,,Auto-Correção (Omissão de Zero)
183,N/A,264/2026,N/A,N/A,203020049,0203020049,,Auto-Correção (Omissão de Zero)
184,N/A,264/2026,N/A,N/A,203020065,0203020065,,Auto-Correção (Omissão de Zero)
185,N/A,264/2026,N/A,N/A,203020073,0203020073,,Auto-Correção (Omissão de Zero)
186,N/A,264/2026,N/A,N/A,203020081,0203020081,,Auto-Correção (Omissão de Zero)
187,N/A,264/2026,N/A,N/A,203010043,0203010043,,Auto-Correção (Omissão de Zero)
188,N/A,002/2026,N/A,N/A,101010028,0101010028,,Auto-Correção (Omissão de Zero)
189,N/A,002/2026,N/A,N/A,202010023,0202010023,,Auto-Correção (Omissão de Zero)
190,N/A,002/2026,N/A,N/A,202010112,0202010112,,Auto-Correção (Omissão de Zero)
191,N/A,002/2026,N/A,N/A,202010120,0202010120,,Auto-Correção (Omissão de Zero)
192,N/A,002/2026,N/A,N/A,202010139,0202010139,,Auto-Correção (Omissão de Zero)
193,N/A,002/2026,N/A,N/A,202010163,0202010163,,Auto-Correção (Omissão de Zero)
194,N/A,002/2026,N/A,N/A,202010180,0202010180,,Auto-Correção (Omissão de Zero)
195,N/A,002/2026,N/A,N/A,202010201,0202010201,,Auto-Correção (Omissão de Zero)
196,N/A,002/2026,N/A,N/A,202010210,0202010210,,Auto-Correção (Omissão de Zero)
197,N/A,002/2026,N/A,N/A,202010228,0202010228,,Auto-Correção (Omissão de Zero)
198,N/A,002/2026,N/A,N/A,202010260,0202010260,,Auto-Correção (Omissão de Zero)
199,N/A,002/2026,N/A,N/A,202010279,0202010279,,Auto-Correção (Omissão de Zero)
200,N/A,002/2026,N/A,N/A,202010287,0202010287,,Auto-Correção (Omissão de Zero)
201,N/A,002/2026,N/A,N/A,202010295,0202010295,,Auto-Correção (Omissão de Zero)
202,N/A,002/2026,N/A,N/A,202010317,0202010317,,Auto-Correção (Omissão de Zero)
203,N/A,002/2026,N/A,N/A,202010325,0202010325,,Auto-Correção (Omissão de Zero)
204,N/A,002/2026,N/A,N/A,202010333,0202010333,,Auto-Correção (Omissão de Zero)
205,N/A,002/2026,N/A,N/A,202010368,0202010368,,Auto-Correção (Omissão de Zero)
206,N/A,002/2026,N/A,N/A,202010384,0202010384,,Auto-Correção (Omissão de Zero)
207,N/A,002/2026,N/A,N/A,202010392,0202010392,,Auto-Correção (Omissão de Zero)
208,N/A,002/2026,N/A,N/A,202010406,0202010406,,Auto-Correção (Omissão de Zero)
209,N/A,002/2026,N/A,N/A,202010414,0202010414,,Auto-Correção (Omissão de Zero)
210,N/A,002/2026,N/A,N/A,202010422,0202010422,,Auto-Correção (Omissão de Zero)
211,N/A,002/2026,N/A,N/A,202010430,0202010430,,Auto-Correção (Omissão de Zero)
212,N/A,002/2026,N/A,N/A,202010449,0202010449,,Auto-Correção (Omissão de Zero)
213,N/A,002/2026,N/A,N/A,202010465,0202010465,,Auto-Correção (Omissão de Zero)
214,N/A,002/2026,N/A,N/A,202010473,0202010473,,Auto-Correção (Omissão de Zero)
215,N/A,002/2026,N/A,N/A,202010503,0202010503,,Auto-Correção (Omissão de Zero)
216,N/A,002/2026,N/A,N/A,202010554,0202010554,,Auto-Correção (Omissão de Zero)
217,N/A,002/2026,N/A,N/A,202010562,0202010562,,Auto-Correção (Omissão de Zero)
218,N/A,002/2026,N/A,N/A,202010570,0202010570,,Auto-Correção (Omissão de Zero)
219,N/A,002/2026,N/A,N/A,202010600,0202010600,,Auto-Correção (Omissão de Zero)
220,N/A,002/2026,N/A,N/A,202010619,0202010619,,Auto-Correção (Omissão de Zero)
221,N/A,002/2026,N/A,N/A,202010627,0202010627,,Auto-Correção (Omissão de Zero)
222,N/A,002/2026,N/A,N/A,202010635,0202010635,,Auto-Correção (Omissão de Zero)
223,N/A,002/2026,N/A,N/A,202010643,0202010643,,Auto-Correção (Omissão de Zero)
224,N/A,002/2026,N/A,N/A,202010651,0202010651,,Auto-Correção (Omissão de Zero)
225,N/A,002/2026,N/A,N/A,202010660,0202010660,,Auto-Correção (Omissão de Zero)
226,N/A,002/2026,N/A,N/A,202010678,0202010678,,Auto-Correção (Omissão de Zero)
227,N/A,002/2026,N/A,N/A,202010694,0202010694,,Auto-Correção (Omissão de Zero)
228,N/A,002/2026,N/A,N/A,202010708,0202010708,,Auto-Correção (Omissão de Zero)
229,N/A,002/2026,N/A,N/A,202010716,0202010716,,Auto-Correção (Omissão de Zero)
230,N/A,002/2026,N/A,N/A,202010724,0202010724,,Auto-Correção (Omissão de Zero)
231,N/A,002/2026,N/A,N/A,202010767,0202010767,,Auto-Correção (Omissão de Zero)
232,N/A,002/2026,N/A,N/A,202020029,0202020029,,Auto-Correção (Omissão de Zero)
233,N/A,002/2026,N/A,N/A,202020070,0202020070,,Auto-Correção (Omissão de Zero)
234,N/A,002/2026,N/A,N/A,202020096,0202020096,,Auto-Correção (Omissão de Zero)
235,N/A,002/2026,N/A,N/A,202020126,0202020126,,Auto-Correção (Omissão de Zero)
236,N/A,002/2026,N/A,N/A,202020134,0202020134,,Auto-Correção (Omissão de Zero)
237,N/A,002/2026,N/A,N/A,202020142,0202020142,,Auto-Correção (Omissão de Zero)
238,N/A,002/2026,N/A,N/A,202020150,0202020150,,Auto-Correção (Omissão de Zero)
239,N/A,002/2026,N/A,N/A,202020290,0202020290,,Auto-Correção (Omissão de Zero)
240,N/A,002/2026,N/A,N/A,202020304,0202020304,,Auto-Correção (Omissão de Zero)
241,N/A,002/2026,N/A,N/A,202020355,0202020355,,Auto-Correção (Omissão de Zero)
242,N/A,002/2026,N/A,N/A,202020363,0202020363,,Auto-Correção (Omissão de Zero)
243,N/A,002/2026,N/A,N/A,202020371,0202020371,,Auto-Correção (Omissão de Zero)
244,N/A,002/2026,N/A,N/A,202020380,0202020380,,Auto-Correção (Omissão de Zero)
245,N/A,002/2026,N/A,N/A,202020398,0202020398,,Auto-Correção (Omissão de Zero)
246,N/A,002/2026,N/A,N/A,202020410,0202020410,,Auto-Correção (Omissão de Zero)
247,N/A,002/2026,N/A,N/A,202020444,0202020444,,Auto-Correção (Omissão de Zero)
248,N/A,002/2026,N/A,N/A,202020487,0202020487,,Auto-Correção (Omissão de Zero)
249,N/A,002/2026,N/A,N/A,202020495,0202020495,,Auto-Correção (Omissão de Zero)
250,N/A,002/2026,N/A,N/A,202020509,0202020509,,Auto-Correção (Omissão de Zero)
251,N/A,002/2026,N/A,N/A,202020525,0202020525,,Auto-Correção (Omissão de Zero)
252,N/A,002/2026,N/A,N/A,202020576,0202020576,,Auto-Correção (Omissão de Zero)
253,N/A,002/2026,N/A,N/A,202030067,0202030067,,Auto-Correção (Omissão de Zero)
254,N/A,002/2026,N/A,N/A,202030075,0202030075,,Auto-Correção (Omissão de Zero)
255,N/A,002/2026,N/A,N/A,202030083,0202030083,,Auto-Correção (Omissão de Zero)
256,N/A,002/2026,N/A,N/A,202030091,0202030091,,Auto-Correção (Omissão de Zero)
257,N/A,002/2026,N/A,N/A,202030105,0202030105,,Auto-Correção (Omissão de Zero)
258,N/A,002/2026,N/A,N/A,202030121,0202030121,,Auto-Correção (Omissão de Zero)
259,N/A,002/2026,N/A,N/A,202030130,0202030130,,Auto-Correção (Omissão de Zero)
260,N/A,002/2026,N/A,N/A,202030156,0202030156,,Auto-Correção (Omissão de Zero)
261,N/A,002/2026,N/A,N/A,202030164,0202030164,,Auto-Correção (Omissão de Zero)
262,N/A,002/2026,N/A,N/A,202030180,0202030180,,Auto-Correção (Omissão de Zero)
263,N/A,002/2026,N/A,N/A,202030202,0202030202,,Auto-Correção (Omissão de Zero)
264,N/A,002/2026,N/A,N/A,202030229,0202030229,,Auto-Correção (Omissão de Zero)
265,N/A,002/2026,N/A,N/A,202030253,0202030253,,Auto-Correção (Omissão de Zero)
266,N/A,002/2026,N/A,N/A,202030261,0202030261,,Auto-Correção (Omissão de Zero)
267,N/A,002/2026,N/A,N/A,202030270,0202030270,,Auto-Correção (Omissão de Zero)
268,N/A,002/2026,N/A,N/A,202030326,0202030326,,Auto-Correção (Omissão de Zero)
269,N/A,002/2026,N/A,N/A,202030342,0202030342,,Auto-Correção (Omissão de Zero)
270,N/A,002/2026,N/A,N/A,202030350,0202030350,,Auto-Correção (Omissão de Zero)
271,N/A,002/2026,N/A,N/A,202030369,0202030369,,Auto-Correção (Omissão de Zero)
272,N/A,002/2026,N/A,N/A,202030474,0202030474,,Auto-Correção (Omissão de Zero)
273,N/A,002/2026,N/A,N/A,202030555,0202030555,,Auto-Correção (Omissão de Zero)
274,N/A,002/2026,N/A,N/A,202030580,0202030580,,Auto-Correção (Omissão de Zero)
275,N/A,002/2026,N/A,N/A,202030598,0202030598,,Auto-Correção (Omissão de Zero)
276,N/A,002/2026,N/A,N/A,202030628,0202030628,,Auto-Correção (Omissão de Zero)
277,N/A,002/2026,N/A,N/A,202030636,0202030636,,Auto-Correção (Omissão de Zero)
278,N/A,002/2026,N/A,N/A,202030644,0202030644,,Auto-Correção (Omissão de Zero)
279,N/A,002/2026,N/A,N/A,202030687,0202030687,,Auto-Correção (Omissão de Zero)
280,N/A,002/2026,N/A,N/A,202030733,0202030733,,Auto-Correção (Omissão de Zero)
281,N/A,002/2026,N/A,N/A,202030741,0202030741,,Auto-Correção (Omissão de Zero)
282,N/A,002/2026,N/A,N/A,202030768,0202030768,,Auto-Correção (Omissão de Zero)
283,N/A,002/2026,N/A,N/A,202030784,0202030784,,Auto-Correção (Omissão de Zero)
284,N/A,002/2026,N/A,N/A,202030806,0202030806,,Auto-Correção (Omissão de Zero)
285,N/A,002/2026,N/A,N/A,202030814,0202030814,,Auto-Correção (Omissão de Zero)
286,N/A,002/2026,N/A,N/A,202030822,0202030822,,Auto-Correção (Omissão de Zero)
287,N/A,002/2026,N/A,N/A,202030830,0202030830,,Auto-Correção (Omissão de Zero)
288,N/A,002/2026,N/A,N/A,202030849,0202030849,,Auto-Correção (Omissão de Zero)
289,N/A,002/2026,N/A,N/A,202030857,0202030857,,Auto-Correção (Omissão de Zero)
290,N/A,002/2026,N/A,N/A,202030873,0202030873,,Auto-Correção (Omissão de Zero)
291,N/A,002/2026,N/A,N/A,202030890,0202030890,,Auto-Correção (Omissão de Zero)
292,N/A,002/2026,N/A,N/A,202030911,0202030911,,Auto-Correção (Omissão de Zero)
293,N/A,002/2026,N/A,N/A,202030920,0202030920,,Auto-Correção (Omissão de Zero)
294,N/A,002/2026,N/A,N/A,202030938,0202030938,,Auto-Correção (Omissão de Zero)
295,N/A,002/2026,N/A,N/A,202030946,0202030946,,Auto-Correção (Omissão de Zero)
296,N/A,002/2026,N/A,N/A,202030954,0202030954,,Auto-Correção (Omissão de Zero)
297,N/A,002/2026,N/A,N/A,202030962,0202030962,,Auto-Correção (Omissão de Zero)
298,N/A,002/2026,N/A,N/A,202031446,0202031446,,Auto-Correção (Omissão de Zero)
299,N/A,002/2026,N/A,N/A,202031462,0202031462,,Auto-Correção (Omissão de Zero)
300,N/A,002/2026,N/A,N/A,202031470,0202031470,,Auto-Correção (Omissão de Zero)
301,N/A,002/2026,N/A,N/A,202031500,0202031500,,Auto-Correção (Omissão de Zero)
302,N/A,002/2026,N/A,N/A,202030989,0202030989,,Auto-Correção (Omissão de Zero)
303,N/A,002/2026,N/A,N/A,202031012,0202031012,,Auto-Correção (Omissão de Zero)
304,N/A,002/2026,N/A,N/A,202031039,0202031039,,Auto-Correção (Omissão de Zero)
305,N/A,002/2026,N/A,N/A,202031110,0202031110,,Auto-Correção (Omissão de Zero)
306,N/A,002/2026,N/A,N/A,202031209,0202031209,,Auto-Correção (Omissão de Zero)
307,N/A,002/2026,N/A,N/A,202031217,0202031217,,Auto-Correção (Omissão de Zero)
308,N/A,002/2026,N/A,N/A,202040070,0202040070,,Auto-Correção (Omissão de Zero)
309,N/A,002/2026,N/A,N/A,202040089,0202040089,,Auto-Correção (Omissão de Zero)
310,N/A,002/2026,N/A,N/A,202040097,0202040097,,Auto-Correção (Omissão de Zero)
311,N/A,002/2026,N/A,N/A,202040100,0202040100,,Auto-Correção (Omissão de Zero)
312,N/A,002/2026,N/A,N/A,202040127,0202040127,,Auto-Correção (Omissão de Zero)
313,N/A,002/2026,N/A,N/A,202040135,0202040135,,Auto-Correção (Omissão de Zero)
314,N/A,002/2026,N/A,N/A,202040143,0202040143,,Auto-Correção (Omissão de Zero)
315,N/A,002/2026,N/A,N/A,202050017,0202050017,,Auto-Correção (Omissão de Zero)
316,N/A,002/2026,N/A,N/A,202050025,0202050025,,Auto-Correção (Omissão de Zero)
317,N/A,002/2026,N/A,N/A,202050033,0202050033,,Auto-Correção (Omissão de Zero)
318,N/A,002/2026,N/A,N/A,202050041,0202050041,,Auto-Correção (Omissão de Zero)
319,N/A,002/2026,N/A,N/A,202050092,0202050092,,Auto-Correção (Omissão de Zero)
320,N/A,002/2026,N/A,N/A,202050114,0202050114,,Auto-Correção (Omissão de Zero)
321,N/A,002/2026,N/A,N/A,202050190,0202050190,,Auto-Correção (Omissão de Zero)
322,N/A,002/2026,N/A,N/A,202060020,0202060020,,Auto-Correção (Omissão de Zero)
323,N/A,002/2026,N/A,N/A,202060144,0202060144,,Auto-Correção (Omissão de Zero)
324,N/A,002/2026,N/A,N/A,202060152,0202060152,,Auto-Correção (Omissão de Zero)
325,N/A,002/2026,N/A,N/A,202060160,0202060160,,Auto-Correção (Omissão de Zero)
326,N/A,002/2026,N/A,N/A,202060179,0202060179,,Auto-Correção (Omissão de Zero)
327,N/A,002/2026,N/A,N/A,202060187,0202060187,,Auto-Correção (Omissão de Zero)
328,N/A,002/2026,N/A,N/A,202060217,0202060217,,Auto-Correção (Omissão de Zero)
329,N/A,002/2026,N/A,N/A,202060225,0202060225,,Auto-Correção (Omissão de Zero)
330,N/A,002/2026,N/A,N/A,202060233,0202060233,,Auto-Correção (Omissão de Zero)
331,N/A,002/2026,N/A,N/A,202060241,0202060241,,Auto-Correção (Omissão de Zero)
332,N/A,002/2026,N/A,N/A,202060250,0202060250,,Auto-Correção (Omissão de Zero)
333,N/A,002/2026,N/A,N/A,202060268,0202060268,,Auto-Correção (Omissão de Zero)
334,N/A,002/2026,N/A,N/A,202060276,0202060276,,Auto-Correção (Omissão de Zero)
335,N/A,002/2026,N/A,N/A,202060292,0202060292,,Auto-Correção (Omissão de Zero)
336,N/A,002/2026,N/A,N/A,202060306,0202060306,,Auto-Correção (Omissão de Zero)
337,N/A,002/2026,N/A,N/A,202060322,0202060322,,Auto-Correção (Omissão de Zero)
338,N/A,002/2026,N/A,N/A,202060330,0202060330,,Auto-Correção (Omissão de Zero)
339,N/A,002/2026,N/A,N/A,202060349,0202060349,,Auto-Correção (Omissão de Zero)
340,N/A,002/2026,N/A,N/A,202060357,0202060357,,Auto-Correção (Omissão de Zero)
341,N/A,002/2026,N/A,N/A,202060365,0202060365,,Auto-Correção (Omissão de Zero)
342,N/A,002/2026,N/A,N/A,202060373,0202060373,,Auto-Correção (Omissão de Zero)
343,N/A,002/2026,N/A,N/A,202060381,0202060381,,Auto-Correção (Omissão de Zero)
344,N/A,002/2026,N/A,N/A,202060390,0202060390,,Auto-Correção (Omissão de Zero)
345,N/A,002/2026,N/A,N/A,202060098,0202060098,,Auto-Correção (Omissão de Zero)
346,N/A,002/2026,N/A,N/A,202060110,0202060110,,Auto-Correção (Omissão de Zero)
347,N/A,002/2026,N/A,N/A,202060136,0202060136,,Auto-Correção (Omissão de Zero)
348,N/A,002/2026,N/A,N/A,202070050,0202070050,,Auto-Correção (Omissão de Zero)
349,N/A,002/2026,N/A,N/A,202070085,0202070085,,Auto-Correção (Omissão de Zero)
350,N/A,002/2026,N/A,N/A,202070158,0202070158,,Auto-Correção (Omissão de Zero)
351,N/A,002/2026,N/A,N/A,202070174,0202070174,,Auto-Correção (Omissão de Zero)
352,N/A,002/2026,N/A,N/A,202070220,0202070220,,Auto-Correção (Omissão de Zero)
353,N/A,002/2026,N/A,N/A,202070352,0202070352,,Auto-Correção (Omissão de Zero)
354,N/A,002/2026,N/A,N/A,202080013,0202080013,,Auto-Correção (Omissão de Zero)
355,N/A,002/2026,N/A,N/A,202080080,0202080080,,Auto-Correção (Omissão de Zero)
356,N/A,002/2026,N/A,N/A,202090302,0202090302,,Auto-Correção (Omissão de Zero)
357,N/A,002/2026,N/A,N/A,202120023,0202120023,,Auto-Correção (Omissão de Zero)
358,N/A,002/2026,N/A,N/A,202120082,0202120082,,Auto-Correção (Omissão de Zero)
359,N/A,002/2026,N/A,N/A,202020380,0202020380,,Auto-Correção (Omissão de Zero)
360,N/A,002/2026,N/A,N/A,202120023,0202120023,,Auto-Correção (Omissão de Zero)
361,N/A,002/2026,N/A,N/A,202120082,0202120082,,Auto-Correção (Omissão de Zero)
362,N/A,002/2026,N/A,N/A,202010473,0202010473,,Auto-Correção (Omissão de Zero)
363,N/A,002/2026,N/A,N/A,202050017,0202050017,,Auto-Correção (Omissão de Zero)
364,N/A,002/2026,N/A,N/A,202080080,0202080080,,Auto-Correção (Omissão de Zero)
365,N/A,002/2026,N/A,N/A,202080013,0202080013,,Auto-Correção (Omissão de Zero)
366,N/A,002/2026,N/A,N/A,202031179,0202031179,,Auto-Correção (Omissão de Zero)
367,N/A,002/2026,N/A,N/A,202030873,0202030873,,Auto-Correção (Omissão de Zero)
368,N/A,002/2026,N/A,N/A,202030768,0202030768,,Auto-Correção (Omissão de Zero)
369,N/A,002/2026,N/A,N/A,202031454,0202031454,,Auto-Correção (Omissão de Zero)
370,N/A,002/2026,N/A,N/A,202031489,0202031489,,Auto-Correção (Omissão de Zero)
371,N/A,002/2026,N/A,N/A,202020355,0202020355,,Auto-Correção (Omissão de Zero)
372,N/A,002/2026,N/A,N/A,202031519,0202031519,,Auto-Correção (Omissão de Zero)
373,N/A,002/2026,N/A,N/A,202031543,0202031543,,Auto-Correção (Omissão de Zero)
374,N/A,002/2026,N/A,N/A,202110044,0202110044,,Auto-Correção (Omissão de Zero)
375,N/A,002/2026,N/A,N/A,202110052,0202110052,,Auto-Correção (Omissão de Zero)
376,N/A,002/2026,N/A,N/A,202110060,0202110060,,Auto-Correção (Omissão de Zero)
377,N/A,002/2026,N/A,N/A,202110079,0202110079,,Auto-Correção (Omissão de Zero)
378,N/A,002/2026,N/A,N/A,202110087,0202110087,,Auto-Correção (Omissão de Zero)
379,N/A,002/2026,N/A,N/A,202110095,0202110095,,Auto-Correção (Omissão de Zero)
380,N/A,002/2026,N/A,N/A,202110109,0202110109,,Auto-Correção (Omissão de Zero)
381,N/A,002/2026,N/A,N/A,202110150,0202110150,,Auto-Correção (Omissão de Zero)
382,N/A,002/2026,N/A,N/A,203010019,0203010019,,Auto-Correção (Omissão de Zero)
383,N/A,002/2026,N/A,N/A,203010086,0203010086,,Auto-Correção (Omissão de Zero)
384,N/A,002/2026,N/A,N/A,204010047,0204010047,,Auto-Correção (Omissão de Zero)
385,N/A,002/2026,N/A,N/A,204010063,0204010063,,Auto-Correção (Omissão de Zero)
386,N/A,002/2026,N/A,N/A,204010071,0204010071,,Auto-Correção (Omissão de Zero)
387,N/A,002/2026,N/A,N/A,204010080,0204010080,,Auto-Correção (Omissão de Zero)
388,N/A,002/2026,N/A,N/A,204010101,0204010101,,Auto-Correção (Omissão de Zero)
389,N/A,002/2026,N/A,N/A,204010110,0204010110,,Auto-Correção (Omissão de Zero)
390,N/A,002/2026,N/A,N/A,204010128,0204010128,,Auto-Correção (Omissão de Zero)
391,N/A,002/2026,N/A,N/A,204010136,0204010136,,Auto-Correção (Omissão de Zero)
392,N/A,002/2026,N/A,N/A,204010144,0204010144,,Auto-Correção (Omissão de Zero)
393,N/A,002/2026,N/A,N/A,204020034,0204020034,,Auto-Correção (Omissão de Zero)
394,N/A,002/2026,N/A,N/A,204020042,0204020042,,Auto-Correção (Omissão de Zero)
395,N/A,002/2026,N/A,N/A,204020050,0204020050,,Auto-Correção (Omissão de Zero)
396,N/A,002/2026,N/A,N/A,204020069,0204020069,,Auto-Correção (Omissão de Zero)
397,N/A,002/2026,N/A,N/A,204020077,0204020077,,Auto-Correção (Omissão de Zero)
398,N/A,002/2026,N/A,N/A,204020085,0204020085,,Auto-Correção (Omissão de Zero)
399,N/A,002/2026,N/A,N/A,204020093,0204020093,,Auto-Correção (Omissão de Zero)
400,N/A,002/2026,N/A,N/A,204020107,0204020107,,Auto-Correção (Omissão de Zero)
401,N/A,002/2026,N/A,N/A,204020115,0204020115,,Auto-Correção (Omissão de Zero)
402,N/A,002/2026,N/A,N/A,204020123,0204020123,,Auto-Correção (Omissão de Zero)
403,N/A,002/2026,N/A,N/A,204030030,0204030030,,Auto-Correção (Omissão de Zero)
404,N/A,002/2026,N/A,N/A,204030072,0204030072,,Auto-Correção (Omissão de Zero)
405,N/A,002/2026,N/A,N/A,204030145,0204030145,,Auto-Correção (Omissão de Zero)
406,N/A,002/2026,N/A,N/A,204030153,0204030153,,Auto-Correção (Omissão de Zero)
407,N/A,002/2026,N/A,N/A,204030170,0204030170,,Auto-Correção (Omissão de Zero)
408,N/A,002/2026,N/A,N/A,204030188,0204030188,,Auto-Correção (Omissão de Zero)
409,N/A,002/2026,N/A,N/A,204040019,0204040019,,Auto-Correção (Omissão de Zero)
410,N/A,002/2026,N/A,N/A,204040027,0204040027,,Auto-Correção (Omissão de Zero)
411,N/A,002/2026,N/A,N/A,204040035,0204040035,,Auto-Correção (Omissão de Zero)
412,N/A,002/2026,N/A,N/A,202040043,0202040043,,Auto-Correção (Omissão de Zero)
413,N/A,002/2026,N/A,N/A,204040051,0204040051,,Auto-Correção (Omissão de Zero)
414,N/A,002/2026,N/A,N/A,204040060,0204040060,,Auto-Correção (Omissão de Zero)
415,N/A,002/2026,N/A,N/A,204040078,0204040078,,Auto-Correção (Omissão de Zero)
416,N/A,002/2026,N/A,N/A,204040094,0204040094,,Auto-Correção (Omissão de Zero)
417,N/A,002/2026,N/A,N/A,204040108,0204040108,,Auto-Correção (Omissão de Zero)
418,N/A,002/2026,N/A,N/A,204040116,0204040116,,Auto-Correção (Omissão de Zero)
419,N/A,002/2026,N/A,N/A,204040124,0204040124,,Auto-Correção (Omissão de Zero)
420,N/A,002/2026,N/A,N/A,204050138,0204050138,,Auto-Correção (Omissão de Zero)
421,N/A,002/2026,N/A,N/A,204060036,0204060036,,Auto-Correção (Omissão de Zero)
422,N/A,002/2026,N/A,N/A,204060060,0204060060,,Auto-Correção (Omissão de Zero)
423,N/A,002/2026,N/A,N/A,204060079,0204060079,,Auto-Correção (Omissão de Zero)
424,N/A,002/2026,N/A,N/A,204060087,0204060087,,Auto-Correção (Omissão de Zero)
425,N/A,002/2026,N/A,N/A,204060095,0204060095,,Auto-Correção (Omissão de Zero)
426,N/A,002/2026,N/A,N/A,204060109,0204060109,,Auto-Correção (Omissão de Zero)
427,N/A,002/2026,N/A,N/A,204060117,0204060117,,Auto-Correção (Omissão de Zero)
428,N/A,002/2026,N/A,N/A,204060125,0204060125,,Auto-Correção (Omissão de Zero)
429,N/A,002/2026,N/A,N/A,204060133,0204060133,,Auto-Correção (Omissão de Zero)
430,N/A,002/2026,N/A,N/A,204060141,0204060141,,Auto-Correção (Omissão de Zero)
431,N/A,002/2026,N/A,N/A,204060150,0204060150,,Auto-Correção (Omissão de Zero)
432,N/A,002/2026,N/A,N/A,204060168,0204060168,,Auto-Correção (Omissão de Zero)
433,N/A,002/2026,N/A,N/A,204060176,0204060176,,Auto-Correção (Omissão de Zero)
434,N/A,002/2026,N/A,N/A,205020038,0205020038,,Auto-Correção (Omissão de Zero)
435,N/A,002/2026,N/A,N/A,205020046,0205020046,,Auto-Correção (Omissão de Zero)
436,N/A,002/2026,N/A,N/A,205020054,0205020054,,Auto-Correção (Omissão de Zero)
437,N/A,002/2026,N/A,N/A,205020070,0205020070,,Auto-Correção (Omissão de Zero)
438,N/A,002/2026,N/A,N/A,205020100,0205020100,,Auto-Correção (Omissão de Zero)
439,N/A,002/2026,N/A,N/A,205020062,0205020062,,Auto-Correção (Omissão de Zero)
440,N/A,002/2026,N/A,N/A,205020097,0205020097,,Auto-Correção (Omissão de Zero)
441,N/A,002/2026,N/A,N/A,205020127,0205020127,,Auto-Correção (Omissão de Zero)
442,N/A,002/2026,N/A,N/A,205020143,0205020143,,Auto-Correção (Omissão de Zero)
443,N/A,002/2026,N/A,N/A,205020160,0205020160,,Auto-Correção (Omissão de Zero)
444,N/A,002/2026,N/A,N/A,205020186,0205020186,,Auto-Correção (Omissão de Zero)
445,N/A,002/2026,N/A,N/A,206010044,0206010044,,Auto-Correção (Omissão de Zero)
446,N/A,002/2026,N/A,N/A,206010010,0206010010,,Auto-Correção (Omissão de Zero)
447,N/A,002/2026,N/A,N/A,206010028,0206010028,,Auto-Correção (Omissão de Zero)
448,N/A,002/2026,N/A,N/A,206010036,0206010036,,Auto-Correção (Omissão de Zero)
449,N/A,002/2026,N/A,N/A,206010052,0206010052,,Auto-Correção (Omissão de Zero)
450,N/A,002/2026,N/A,N/A,206010060,0206010060,,Auto-Correção (Omissão de Zero)
451,N/A,002/2026,N/A,N/A,206010079,0206010079,,Auto-Correção (Omissão de Zero)
452,N/A,002/2026,N/A,N/A,206020015,0206020015,,Auto-Correção (Omissão de Zero)
453,N/A,002/2026,N/A,N/A,206020023,0206020023,,Auto-Correção (Omissão de Zero)
454,N/A,002/2026,N/A,N/A,206020031,0206020031,,Auto-Correção (Omissão de Zero)
455,N/A,002/2026,N/A,N/A,206030010,0206030010,,Auto-Correção (Omissão de Zero)
456,N/A,002/2026,N/A,N/A,206030029,0206030029,,Auto-Correção (Omissão de Zero)
457,N/A,002/2026,N/A,N/A,206030037,0206030037,,Auto-Correção (Omissão de Zero)
458,N/A,002/2026,N/A,N/A,211030015,0211030015,,Auto-Correção (Omissão de Zero)
459,N/A,002/2026,N/A,N/A,211030023,0211030023,,Auto-Correção (Omissão de Zero)
460,N/A,002/2026,N/A,N/A,211030031,0211030031,,Auto-Correção (Omissão de Zero)
461,N/A,002/2026,N/A,N/A,211030040,0211030040,,Auto-Correção (Omissão de Zero)
462,N/A,002/2026,N/A,N/A,211030058,0211030058,,Auto-Correção (Omissão de Zero)
463,N/A,002/2026,N/A,N/A,211030066,0211030066,,Auto-Correção (Omissão de Zero)
464,N/A,002/2026,N/A,N/A,211030074,0211030074,,Auto-Correção (Omissão de Zero)
465,N/A,002/2026,N/A,N/A,211030082,0211030082,,Auto-Correção (Omissão de Zero)
466,N/A,002/2026,N/A,N/A,211050040,0211050040,,Auto-Correção (Omissão de Zero)
467,N/A,002/2026,N/A,N/A,211050113,0211050113,,Auto-Correção (Omissão de Zero)
468,N/A,002/2026,N/A,N/A,211070017,0211070017,,Auto-Correção (Omissão de Zero)
469,N/A,002/2026,N/A,N/A,211070025,0211070025,,Auto-Correção (Omissão de Zero)
470,N/A,002/2026,N/A,N/A,211070033,0211070033,,Auto-Correção (Omissão de Zero)
471,N/A,002/2026,N/A,N/A,211070041,0211070041,,Auto-Correção (Omissão de Zero)
472,N/A,002/2026,N/A,N/A,211070050,0211070050,,Auto-Correção (Omissão de Zero)
473,N/A,002/2026,N/A,N/A,211070068,0211070068,,Auto-Correção (Omissão de Zero)
474,N/A,002/2026,N/A,N/A,211070076,0211070076,,Auto-Correção (Omissão de Zero)
475,N/A,002/2026,N/A,N/A,211070084,0211070084,,Auto-Correção (Omissão de Zero)
476,N/A,002/2026,N/A,N/A,211070092,0211070092,,Auto-Correção (Omissão de Zero)
477,N/A,002/2026,N/A,N/A,211070106,0211070106,,Auto-Correção (Omissão de Zero)
478,N/A,002/2026,N/A,N/A,211070114,0211070114,,Auto-Correção (Omissão de Zero)
479,N/A,002/2026,N/A,N/A,211070149,0211070149,,Auto-Correção (Omissão de Zero)
480,N/A,002/2026,N/A,N/A,211070157,0211070157,,Auto-Correção (Omissão de Zero)
481,N/A,002/2026,N/A,N/A,211070173,0211070173,,Auto-Correção (Omissão de Zero)
482,N/A,002/2026,N/A,N/A,211070181,0211070181,,Auto-Correção (Omissão de Zero)
483,N/A,002/2026,N/A,N/A,211070190,0211070190,,Auto-Correção (Omissão de Zero)
484,N/A,002/2026,N/A,N/A,211070203,0211070203,,Auto-Correção (Omissão de Zero)
485,N/A,002/2026,N/A,N/A,211070211,0211070211,,Auto-Correção (Omissão de Zero)
486,N/A,002/2026,N/A,N/A,211070220,0211070220,,Auto-Correção (Omissão de Zero)
487,N/A,002/2026,N/A,N/A,211070238,0211070238,,Auto-Correção (Omissão de Zero)
488,N/A,002/2026,N/A,N/A,211070246,0211070246,,Auto-Correção (Omissão de Zero)
489,N/A,002/2026,N/A,N/A,211070254,0211070254,,Auto-Correção (Omissão de Zero)
490,N/A,002/2026,N/A,N/A,211070262,0211070262,,Auto-Correção (Omissão de Zero)
491,N/A,002/2026,N/A,N/A,211070270,0211070270,,Auto-Correção (Omissão de Zero)
492,N/A,002/2026,N/A,N/A,211070289,0211070289,,Auto-Correção (Omissão de Zero)
493,N/A,002/2026,N/A,N/A,211070297,0211070297,,Auto-Correção (Omissão de Zero)
494,N/A,002/2026,N/A,N/A,211070300,0211070300,,Auto-Correção (Omissão de Zero)
495,N/A,002/2026,N/A,N/A,211070319,0211070319,,Auto-Correção (Omissão de Zero)
496,N/A,002/2026,N/A,N/A,211070327,0211070327,,Auto-Correção (Omissão de Zero)
497,N/A,002/2026,N/A,N/A,211070335,0211070335,,Auto-Correção (Omissão de Zero)
498,N/A,002/2026,N/A,N/A,211070343,0211070343,,Auto-Correção (Omissão de Zero)
499,N/A,002/2026,N/A,N/A,211070351,0211070351,,Auto-Correção (Omissão de Zero)
500,N/A,002/2026,N/A,N/A,211100013,0211100013,,Auto-Correção (Omissão de Zero)
501,N/A,002/2026,N/A,N/A,301010048,0301010048,,Auto-Correção (Omissão de Zero)
502,N/A,002/2026,N/A,N/A,301010072,0301010072,,Auto-Correção (Omissão de Zero)
503,N/A,002/2026,N/A,N/A,301040036,0301040036,,Auto-Correção (Omissão de Zero)
504,N/A,002/2026,N/A,N/A,301040044,0301040044,,Auto-Correção (Omissão de Zero)
505,N/A,002/2026,N/A,N/A,301070024,0301070024,,Auto-Correção (Omissão de Zero)
506,N/A,002/2026,N/A,N/A,301070032,0301070032,,Auto-Correção (Omissão de Zero)
507,N/A,002/2026,N/A,N/A,301070040,0301070040,,Auto-Correção (Omissão de Zero)
508,N/A,002/2026,N/A,N/A,301070059,0301070059,,Auto-Correção (Omissão de Zero)
509,N/A,002/2026,N/A,N/A,301070067,0301070067,,Auto-Correção (Omissão de Zero)
510,N/A,002/2026,N/A,N/A,301070075,0301070075,,Auto-Correção (Omissão de Zero)
511,N/A,002/2026,N/A,N/A,301070083,0301070083,,Auto-Correção (Omissão de Zero)
512,N/A,002/2026,N/A,N/A,301070091,0301070091,,Auto-Correção (Omissão de Zero)
513,N/A,002/2026,N/A,N/A,301070113,0301070113,,Auto-Correção (Omissão de Zero)
514,N/A,002/2026,N/A,N/A,301070148,0301070148,,Auto-Correção (Omissão de Zero)
515,N/A,002/2026,N/A,N/A,301080160,0301080160,,Auto-Correção (Omissão de Zero)
516,N/A,002/2026,N/A,N/A,301120013,0301120013,,Auto-Correção (Omissão de Zero)
517,N/A,002/2026,N/A,N/A,301120030,0301120030,,Auto-Correção (Omissão de Zero)
518,N/A,002/2026,N/A,N/A,301120048,0301120048,,Auto-Correção (Omissão de Zero)
519,N/A,002/2026,N/A,N/A,301120064,0301120064,,Auto-Correção (Omissão de Zero)
520,N/A,002/2026,N/A,N/A,301120072,0301120072,,Auto-Correção (Omissão de Zero)
521,N/A,002/2026,N/A,N/A,302010017,0302010017,,Auto-Correção (Omissão de Zero)
522,N/A,002/2026,N/A,N/A,302010025,0302010025,,Auto-Correção (Omissão de Zero)
523,N/A,002/2026,N/A,N/A,302020020,0302020020,,Auto-Correção (Omissão de Zero)
524,N/A,002/2026,N/A,N/A,302020039,0302020039,,Auto-Correção (Omissão de Zero)
525,N/A,002/2026,N/A,N/A,302030026,0302030026,,Auto-Correção (Omissão de Zero)
526,N/A,002/2026,N/A,N/A,302040013,0302040013,,Auto-Correção (Omissão de Zero)
527,N/A,002/2026,N/A,N/A,302040021,0302040021,,Auto-Correção (Omissão de Zero)
528,N/A,002/2026,N/A,N/A,302040030,0302040030,,Auto-Correção (Omissão de Zero)
529,N/A,002/2026,N/A,N/A,302040048,0302040048,,Auto-Correção (Omissão de Zero)
530,N/A,002/2026,N/A,N/A,302040056,0302040056,,Auto-Correção (Omissão de Zero)
531,N/A,002/2026,N/A,N/A,302050019,0302050019,,Auto-Correção (Omissão de Zero)
532,N/A,002/2026,N/A,N/A,302050027,0302050027,,Auto-Correção (Omissão de Zero)
533,N/A,002/2026,N/A,N/A,302060014,0302060014,,Auto-Correção (Omissão de Zero)
534,N/A,002/2026,N/A,N/A,302060022,0302060022,,Auto-Correção (Omissão de Zero)
535,N/A,002/2026,N/A,N/A,302060030,0302060030,,Auto-Correção (Omissão de Zero)
536,N/A,002/2026,N/A,N/A,302060049,0302060049,,Auto-Correção (Omissão de Zero)
537,N/A,002/2026,N/A,N/A,302060057,0302060057,,Auto-Correção (Omissão de Zero)
538,N/A,002/2026,N/A,N/A,701010010,0701010010,,Auto-Correção (Omissão de Zero)
539,N/A,002/2026,N/A,N/A,701010029,0701010029,,Auto-Correção (Omissão de Zero)
540,N/A,002/2026,N/A,N/A,701010037,0701010037,,Auto-Correção (Omissão de Zero)
541,N/A,002/2026,N/A,N/A,701010045,0701010045,,Auto-Correção (Omissão de Zero)
542,N/A,002/2026,N/A,N/A,701010100,0701010100,,Auto-Correção (Omissão de Zero)
543,N/A,002/2026,N/A,N/A,701010134,0701010134,,Auto-Correção (Omissão de Zero)
544,N/A,002/2026,N/A,N/A,701010142,0701010142,,Auto-Correção (Omissão de Zero)
545,N/A,002/2026,N/A,N/A,701010150,0701010150,,Auto-Correção (Omissão de Zero)
546,N/A,002/2026,N/A,N/A,701010169,0701010169,,Auto-Correção (Omissão de Zero)
547,N/A,002/2026,N/A,N/A,701010177,0701010177,,Auto-Correção (Omissão de Zero)
548,N/A,002/2026,N/A,N/A,701010207,0701010207,,Auto-Correção (Omissão de Zero)
549,N/A,002/2026,N/A,N/A,701010215,0701010215,,Auto-Correção (Omissão de Zero)
550,N/A,002/2026,N/A,N/A,701010223,0701010223,,Auto-Correção (Omissão de Zero)
551,N/A,002/2026,N/A,N/A,701010231,0701010231,,Auto-Correção (Omissão de Zero)
552,N/A,002/2026,N/A,N/A,701010240,0701010240,,Auto-Correção (Omissão de Zero)
553,N/A,002/2026,N/A,N/A,701010258,0701010258,,Auto-Correção (Omissão de Zero)
554,N/A,002/2026,N/A,N/A,701010266,0701010266,,Auto-Correção (Omissão de Zero)
555,N/A,002/2026,N/A,N/A,701010274,0701010274,,Auto-Correção (Omissão de Zero)
556,N/A,002/2026,N/A,N/A,701010282,0701010282,,Auto-Correção (Omissão de Zero)
557,N/A,002/2026,N/A,N/A,701010290,0701010290,,Auto-Correção (Omissão de Zero)
558,N/A,002/2026,N/A,N/A,701010304,0701010304,,Auto-Correção (Omissão de Zero)
559,N/A,002/2026,N/A,N/A,701010312,0701010312,,Auto-Correção (Omissão de Zero)
560,N/A,002/2026,N/A,N/A,701010320,0701010320,,Auto-Correção (Omissão de Zero)
561,N/A,002/2026,N/A,N/A,701010339,0701010339,,Auto-Correção (Omissão de Zero)
562,N/A,002/2026,N/A,N/A,701020067,0701020067,,Auto-Correção (Omissão de Zero)
563,N/A,002/2026,N/A,N/A,701020075,0701020075,,Auto-Correção (Omissão de Zero)
564,N/A,002/2026,N/A,N/A,701020148,0701020148,,Auto-Correção (Omissão de Zero)
565,N/A,002/2026,N/A,N/A,701020156,0701020156,,Auto-Correção (Omissão de Zero)
566,N/A,002/2026,N/A,N/A,701020164,0701020164,,Auto-Correção (Omissão de Zero)
567,N/A,002/2026,N/A,N/A,701020229,0701020229,,Auto-Correção (Omissão de Zero)
568,N/A,002/2026,N/A,N/A,701020237,0701020237,,Auto-Correção (Omissão de Zero)
569,N/A,002/2026,N/A,N/A,701020245,0701020245,,Auto-Correção (Omissão de Zero)
570,N/A,002/2026,N/A,N/A,701020253,0701020253,,Auto-Correção (Omissão de Zero)
571,N/A,002/2026,N/A,N/A,701020598,0701020598,,Auto-Correção (Omissão de Zero)
572,N/A,002/2026,N/A,N/A,701020628,0701020628,,Auto-Correção (Omissão de Zero)
573,N/A,002/2026,N/A,N/A,701020636,0701020636,,Auto-Correção (Omissão de Zero)
574,N/A,002/2026,N/A,N/A,701020644,0701020644,,Auto-Correção (Omissão de Zero)
575,N/A,002/2026,N/A,N/A,701020652,0701020652,,Auto-Correção (Omissão de Zero)
576,N/A,002/2026,N/A,N/A,701030062,0701030062,,Auto-Correção (Omissão de Zero)
577,N/A,002/2026,N/A,N/A,701030070,0701030070,,Auto-Correção (Omissão de Zero)
578,N/A,002/2026,N/A,N/A,701030089,0701030089,,Auto-Correção (Omissão de Zero)
579,N/A,002/2026,N/A,N/A,701030097,0701030097,,Auto-Correção (Omissão de Zero)
580,N/A,002/2026,N/A,N/A,701030100,0701030100,,Auto-Correção (Omissão de Zero)
581,N/A,002/2026,N/A,N/A,701030119,0701030119,,Auto-Correção (Omissão de Zero)
582,N/A,002/2026,N/A,N/A,701030127,0701030127,,Auto-Correção (Omissão de Zero)
583,N/A,002/2026,N/A,N/A,701030135,0701030135,,Auto-Correção (Omissão de Zero)
584,N/A,002/2026,N/A,N/A,701030143,0701030143,,Auto-Correção (Omissão de Zero)
585,N/A,002/2026,N/A,N/A,701030186,0701030186,,Auto-Correção (Omissão de Zero)
586,N/A,002/2026,N/A,N/A,701030194,0701030194,,Auto-Correção (Omissão de Zero)
587,N/A,002/2026,N/A,N/A,701030208,0701030208,,Auto-Correção (Omissão de Zero)
588,N/A,002/2026,N/A,N/A,701030216,0701030216,,Auto-Correção (Omissão de Zero)
589,N/A,002/2026,N/A,N/A,701030224,0701030224,,Auto-Correção (Omissão de Zero)
590,N/A,002/2026,N/A,N/A,701030232,0701030232,,Auto-Correção (Omissão de Zero)
591,N/A,002/2026,N/A,N/A,701030240,0701030240,,Auto-Correção (Omissão de Zero)
592,N/A,002/2026,N/A,N/A,701030259,0701030259,,Auto-Correção (Omissão de Zero)
593,N/A,002/2026,N/A,N/A,701030267,0701030267,,Auto-Correção (Omissão de Zero)
594,N/A,002/2026,N/A,N/A,701030275,0701030275,,Auto-Correção (Omissão de Zero)
595,N/A,002/2026,N/A,N/A,701030283,0701030283,,Auto-Correção (Omissão de Zero)
596,N/A,002/2026,N/A,N/A,701030291,0701030291,,Auto-Correção (Omissão de Zero)
597,N/A,002/2026,N/A,N/A,701030321,0701030321,,Auto-Correção (Omissão de Zero)
598,N/A,001/2026,N/A,N/A,202010120,0202010120,,Auto-Correção (Omissão de Zero)
599,N/A,001/2026,N/A,N/A,202010180,0202010180,,Auto-Correção (Omissão de Zero)
600,N/A,001/2026,N/A,N/A,202010201,0202010201,,Auto-Correção (Omissão de Zero)
601,N/A,001/2026,N/A,N/A,202010210,0202010210,,Auto-Correção (Omissão de Zero)
602,N/A,001/2026,N/A,N/A,202010228,0202010228,,Auto-Correção (Omissão de Zero)
603,N/A,001/2026,N/A,N/A,202010260,0202010260,,Auto-Correção (Omissão de Zero)
604,N/A,001/2026,N/A,N/A,202010279,0202010279,,Auto-Correção (Omissão de Zero)
605,N/A,001/2026,N/A,N/A,202010287,0202010287,,Auto-Correção (Omissão de Zero)
606,N/A,001/2026,N/A,N/A,202010295,0202010295,,Auto-Correção (Omissão de Zero)
607,N/A,001/2026,N/A,N/A,202010317,0202010317,,Auto-Correção (Omissão de Zero)
608,N/A,001/2026,N/A,N/A,202010325,0202010325,,Auto-Correção (Omissão de Zero)
609,N/A,001/2026,N/A,N/A,202010333,0202010333,,Auto-Correção (Omissão de Zero)
610,N/A,001/2026,N/A,N/A,202010368,0202010368,,Auto-Correção (Omissão de Zero)
611,N/A,001/2026,N/A,N/A,202010384,0202010384,,Auto-Correção (Omissão de Zero)
612,N/A,001/2026,N/A,N/A,202010392,0202010392,,Auto-Correção (Omissão de Zero)
613,N/A,001/2026,N/A,N/A,202010406,0202010406,,Auto-Correção (Omissão de Zero)
614,N/A,001/2026,N/A,N/A,202010414,0202010414,,Auto-Correção (Omissão de Zero)
615,N/A,001/2026,N/A,N/A,202010422,0202010422,,Auto-Correção (Omissão de Zero)
616,N/A,001/2026,N/A,N/A,202010430,0202010430,,Auto-Correção (Omissão de Zero)
617,N/A,001/2026,N/A,N/A,202010449,0202010449,,Auto-Correção (Omissão de Zero)
618,N/A,001/2026,N/A,N/A,202010465,0202010465,,Auto-Correção (Omissão de Zero)
619,N/A,001/2026,N/A,N/A,202010473,0202010473,,Auto-Correção (Omissão de Zero)
620,N/A,001/2026,N/A,N/A,202010503,0202010503,,Auto-Correção (Omissão de Zero)
621,N/A,001/2026,N/A,N/A,202010554,0202010554,,Auto-Correção (Omissão de Zero)
622,N/A,001/2026,N/A,N/A,202010562,0202010562,,Auto-Correção (Omissão de Zero)
623,N/A,001/2026,N/A,N/A,202010600,0202010600,,Auto-Correção (Omissão de Zero)
624,N/A,001/2026,N/A,N/A,202010619,0202010619,,Auto-Correção (Omissão de Zero)
625,N/A,001/2026,N/A,N/A,202010627,0202010627,,Auto-Correção (Omissão de Zero)
626,N/A,001/2026,N/A,N/A,202010635,0202010635,,Auto-Correção (Omissão de Zero)
627,N/A,001/2026,N/A,N/A,202010643,0202010643,,Auto-Correção (Omissão de Zero)
628,N/A,001/2026,N/A,N/A,202010651,0202010651,,Auto-Correção (Omissão de Zero)
629,N/A,001/2026,N/A,N/A,202010660,0202010660,,Auto-Correção (Omissão de Zero)
630,N/A,001/2026,N/A,N/A,202010678,0202010678,,Auto-Correção (Omissão de Zero)
631,N/A,001/2026,N/A,N/A,202010694,0202010694,,Auto-Correção (Omissão de Zero)
632,N/A,001/2026,N/A,N/A,202010708,0202010708,,Auto-Correção (Omissão de Zero)
633,N/A,001/2026,N/A,N/A,202010724,0202010724,,Auto-Correção (Omissão de Zero)
634,N/A,001/2026,N/A,N/A,202010767,0202010767,,Auto-Correção (Omissão de Zero)
635,N/A,001/2026,N/A,N/A,202020070,0202020070,,Auto-Correção (Omissão de Zero)
636,N/A,001/2026,N/A,N/A,202020096,0202020096,,Auto-Correção (Omissão de Zero)
637,N/A,001/2026,N/A,N/A,202020126,0202020126,,Auto-Correção (Omissão de Zero)
638,N/A,001/2026,N/A,N/A,202020134,0202020134,,Auto-Correção (Omissão de Zero)
639,N/A,001/2026,N/A,N/A,202020134,0202020134,,Auto-Correção (Omissão de Zero)
640,N/A,001/2026,N/A,N/A,202020150,0202020150,,Auto-Correção (Omissão de Zero)
641,N/A,001/2026,N/A,N/A,202020355,0202020355,,Auto-Correção (Omissão de Zero)
642,N/A,001/2026,N/A,N/A,202020380,0202020380,,Auto-Correção (Omissão de Zero)
643,N/A,001/2026,N/A,N/A,202030075,0202030075,,Auto-Correção (Omissão de Zero)
644,N/A,001/2026,N/A,N/A,202030083,0202030083,,Auto-Correção (Omissão de Zero)
645,N/A,001/2026,N/A,N/A,202030091,0202030091,,Auto-Correção (Omissão de Zero)
646,N/A,001/2026,N/A,N/A,202030105,0202030105,,Auto-Correção (Omissão de Zero)
647,N/A,001/2026,N/A,N/A,202030202,0202030202,,Auto-Correção (Omissão de Zero)
648,N/A,001/2026,N/A,N/A,202031470,0202031470,,Auto-Correção (Omissão de Zero)
649,N/A,001/2026,N/A,N/A,202031500,0202031500,,Auto-Correção (Omissão de Zero)
650,N/A,001/2026,N/A,N/A,202030768,0202030768,,Auto-Correção (Omissão de Zero)
651,N/A,001/2026,N/A,N/A,202030873,0202030873,,Auto-Correção (Omissão de Zero)
652,N/A,001/2026,N/A,N/A,202031446,0202031446,,Auto-Correção (Omissão de Zero)
653,N/A,001/2026,N/A,N/A,202031110,0202031110,,Auto-Correção (Omissão de Zero)
654,N/A,001/2026,N/A,N/A,202040127,0202040127,,Auto-Correção (Omissão de Zero)
655,N/A,001/2026,N/A,N/A,202040143,0202040143,,Auto-Correção (Omissão de Zero)
656,N/A,001/2026,N/A,N/A,202050017,0202050017,,Auto-Correção (Omissão de Zero)
657,N/A,001/2026,N/A,N/A,202050025,0202050025,,Auto-Correção (Omissão de Zero)
658,N/A,001/2026,N/A,N/A,202060160,0202060160,,Auto-Correção (Omissão de Zero)
659,N/A,001/2026,N/A,N/A,202060217,0202060217,,Auto-Correção (Omissão de Zero)
660,N/A,001/2026,N/A,N/A,202060233,0202060233,,Auto-Correção (Omissão de Zero)
661,N/A,001/2026,N/A,N/A,202060241,0202060241,,Auto-Correção (Omissão de Zero)
662,N/A,001/2026,N/A,N/A,202060250,0202060250,,Auto-Correção (Omissão de Zero)
663,N/A,001/2026,N/A,N/A,202060268,0202060268,,Auto-Correção (Omissão de Zero)
664,N/A,001/2026,N/A,N/A,202060292,0202060292,,Auto-Correção (Omissão de Zero)
665,N/A,001/2026,N/A,N/A,202060306,0202060306,,Auto-Correção (Omissão de Zero)
666,N/A,001/2026,N/A,N/A,202060349,0202060349,,Auto-Correção (Omissão de Zero)
667,N/A,001/2026,N/A,N/A,202060374,0202060374,,Auto-Correção (Omissão de Zero)
668,N/A,001/2026,N/A,N/A,202060384,0202060384,,Auto-Correção (Omissão de Zero)
669,N/A,001/2026,N/A,N/A,202060393,0202060393,,Auto-Correção (Omissão de Zero)
670,N/A,001/2026,N/A,N/A,202080013,0202080013,,Auto-Correção (Omissão de Zero)
671,N/A,001/2026,N/A,N/A,202120023,0202120023,,Auto-Correção (Omissão de Zero)
672,N/A,001/2026,N/A,N/A,202120082,0202120082,,Auto-Correção (Omissão de Zero)
673,N/A,001/2026,N/A,N/A,202120090,0202120090,,Auto-Correção (Omissão de Zero)
674,N/A,001/2026,N/A,N/A,202030741,0202030741,,Auto-Correção (Omissão de Zero)
675,N/A,001/2026,N/A,N/A,202030857,0202030857,,Auto-Correção (Omissão de Zero)
676,N/A,001/2026,N/A,N/A,202030636,0202030636,,Auto-Correção (Omissão de Zero)
677,N/A,001/2026,N/A,N/A,202031535,0202031535,,Auto-Correção (Omissão de Zero)
678,N/A,001/2026,N/A,N/A,202031543,0202031543,,Auto-Correção (Omissão de Zero)
679,N/A,001/2026,N/A,N/A,202050300,0202050300,,Auto-Correção (Omissão de Zero)
680,N/A,001/2026,N/A,N/A,205020046,0205020046,,Auto-Correção (Omissão de Zero)
681,N/A,001/2026,N/A,N/A,205020054,0205020054,,Auto-Correção (Omissão de Zero)
682,N/A,001/2026,N/A,N/A,205020100,0205020100,,Auto-Correção (Omissão de Zero)
683,N/A,001/2026,N/A,N/A,205020143,0205020143,,Auto-Correção (Omissão de Zero)
684,N/A,001/2026,N/A,N/A,205020097,0205020097,,Auto-Correção (Omissão de Zero)
685,N/A,001/2026,N/A,N/A,205020127,0205020127,,Auto-Correção (Omissão de Zero)
686,N/A,001/2026,N/A,N/A,205020062,0205020062,,Auto-Correção (Omissão de Zero)
687,N/A,001/2026,N/A,N/A,205020186,0205020186,,Auto-Correção (Omissão de Zero)
688,N/A,001/2026,N/A,N/A,211070041,0211070041,,Auto-Correção (Omissão de Zero)
689,N/A,001/2026,N/A,N/A,211070068,0211070068,,Auto-Correção (Omissão de Zero)
690,N/A,001/2026,N/A,N/A,211070084,0211070084,,Auto-Correção (Omissão de Zero)
691,N/A,001/2026,N/A,N/A,211070114,0211070114,,Auto-Correção (Omissão de Zero)
692,N/A,001/2026,N/A,N/A,211070149,0211070149,,Auto-Correção (Omissão de Zero)
693,N/A,001/2026,N/A,N/A,211070157,0211070157,,Auto-Correção (Omissão de Zero)
694,N/A,001/2026,N/A,N/A,211070203,0211070203,,Auto-Correção (Omissão de Zero)
695,N/A,001/2026,N/A,N/A,211070211,0211070211,,Auto-Correção (Omissão de Zero)
696,N/A,001/2026,N/A,N/A,211070360,0211070360,,Auto-Correção (Omissão de Zero)
697,N/A,001/2026,N/A,N/A,301010048,0301010048,,Auto-Correção (Omissão de Zero)
698,N/A,001/2026,N/A,N/A,301010072,0301010072,,Auto-Correção (Omissão de Zero)
699,N/A,001/2026,N/A,N/A,301040036,0301040036,,Auto-Correção (Omissão de Zero)
700,N/A,001/2026,N/A,N/A,301070024,0301070024,,Auto-Correção (Omissão de Zero)
701,N/A,001/2026,N/A,N/A,301070040,0301070040,,Auto-Correção (Omissão de Zero)
702,N/A,001/2026,N/A,N/A,301070059,0301070059,,Auto-Correção (Omissão de Zero)
703,N/A,001/2026,N/A,N/A,301070067,0301070067,,Auto-Correção (Omissão de Zero)
704,N/A,001/2026,N/A,N/A,301070075,0301070075,,Auto-Correção (Omissão de Zero)
705,N/A,001/2026,N/A,N/A,301070113,0301070113,,Auto-Correção (Omissão de Zero)
706,N/A,001/2026,N/A,N/A,301070288,0301070288,,Auto-Correção (Omissão de Zero)
707,N/A,001/2026,N/A,N/A,301070300,0301070300,,Auto-Correção (Omissão de Zero)
708,N/A,001/2026,N/A,N/A,301070261,0301070261,,Auto-Correção (Omissão de Zero)
709,N/A,001/2026,N/A,N/A,301070296,0301070296,,Auto-Correção (Omissão de Zero)
710,N/A,001/2026,N/A,N/A,302050019,0302050019,,Auto-Correção (Omissão de Zero)
711,N/A,001/2026,N/A,N/A,302060022,0302060022,,Auto-Correção (Omissão de Zero)
712,N/A,001/2026,N/A,N/A,301070040,0301070040,,Auto-Correção (Omissão de Zero)
713,N/A,001/2026,N/A,N/A,302060022,0302060022,,Auto-Correção (Omissão de Zero)
714,N/A,001/2026,N/A,N/A,301070040,0301070040,,Auto-Correção (Omissão de Zero)
715,N/A,001/2026,N/A,N/A,302060049,0302060049,,Auto-Correção (Omissão de Zero)
716,N/A,001/2026,N/A,N/A,404010270,0404010270,,Auto-Correção (Omissão de Zero)
717,N/A,001/2023,N/A,N/A,101010028,0101010028,,Auto-Correção (Omissão de Zero)
718,N/A,001/2023,N/A,N/A,202010023,0202010023,,Auto-Correção (Omissão de Zero)
719,N/A,001/2023,N/A,N/A,202010112,0202010112,,Auto-Correção (Omissão de Zero)
720,N/A,001/2023,N/A,N/A,202010120,0202010120,,Auto-Correção (Omissão de Zero)
721,N/A,001/2023,N/A,N/A,202010139,0202010139,,Auto-Correção (Omissão de Zero)
722,N/A,001/2023,N/A,N/A,202010163,0202010163,,Auto-Correção (Omissão de Zero)
723,N/A,001/2023,N/A,N/A,202010180,0202010180,,Auto-Correção (Omissão de Zero)
724,N/A,001/2023,N/A,N/A,202010201,0202010201,,Auto-Correção (Omissão de Zero)
725,N/A,001/2023,N/A,N/A,202010210,0202010210,,Auto-Correção (Omissão de Zero)
726,N/A,001/2023,N/A,N/A,202010228,0202010228,,Auto-Correção (Omissão de Zero)
727,N/A,001/2023,N/A,N/A,202010260,0202010260,,Auto-Correção (Omissão de Zero)
728,N/A,001/2023,N/A,N/A,202010279,0202010279,,Auto-Correção (Omissão de Zero)
729,N/A,001/2023,N/A,N/A,202010287,0202010287,,Auto-Correção (Omissão de Zero)
730,N/A,001/2023,N/A,N/A,202010295,0202010295,,Auto-Correção (Omissão de Zero)
731,N/A,001/2023,N/A,N/A,202010317,0202010317,,Auto-Correção (Omissão de Zero)
732,N/A,001/2023,N/A,N/A,202010325,0202010325,,Auto-Correção (Omissão de Zero)
733,N/A,001/2023,N/A,N/A,202010333,0202010333,,Auto-Correção (Omissão de Zero)
734,N/A,001/2023,N/A,N/A,202010368,0202010368,,Auto-Correção (Omissão de Zero)
735,N/A,001/2023,N/A,N/A,202010384,0202010384,,Auto-Correção (Omissão de Zero)
736,N/A,001/2023,N/A,N/A,202010392,0202010392,,Auto-Correção (Omissão de Zero)
737,N/A,001/2023,N/A,N/A,202010406,0202010406,,Auto-Correção (Omissão de Zero)
738,N/A,001/2023,N/A,N/A,202010414,0202010414,,Auto-Correção (Omissão de Zero)
739,N/A,001/2023,N/A,N/A,202010422,0202010422,,Auto-Correção (Omissão de Zero)
740,N/A,001/2023,N/A,N/A,202010430,0202010430,,Auto-Correção (Omissão de Zero)
741,N/A,001/2023,N/A,N/A,202010449,0202010449,,Auto-Correção (Omissão de Zero)
742,N/A,001/2023,N/A,N/A,202010465,0202010465,,Auto-Correção (Omissão de Zero)
743,N/A,001/2023,N/A,N/A,202010473,0202010473,,Auto-Correção (Omissão de Zero)
744,N/A,001/2023,N/A,N/A,202010503,0202010503,,Auto-Correção (Omissão de Zero)
745,N/A,001/2023,N/A,N/A,202010554,0202010554,,Auto-Correção (Omissão de Zero)
746,N/A,001/2023,N/A,N/A,202010562,0202010562,,Auto-Correção (Omissão de Zero)
747,N/A,001/2023,N/A,N/A,202010570,0202010570,,Auto-Correção (Omissão de Zero)
748,N/A,001/2023,N/A,N/A,202010600,0202010600,,Auto-Correção (Omissão de Zero)
749,N/A,001/2023,N/A,N/A,202010619,0202010619,,Auto-Correção (Omissão de Zero)
750,N/A,001/2023,N/A,N/A,202010627,0202010627,,Auto-Correção (Omissão de Zero)
751,N/A,001/2023,N/A,N/A,202010635,0202010635,,Auto-Correção (Omissão de Zero)
752,N/A,001/2023,N/A,N/A,202010643,0202010643,,Auto-Correção (Omissão de Zero)
753,N/A,001/2023,N/A,N/A,202010651,0202010651,,Auto-Correção (Omissão de Zero)
754,N/A,001/2023,N/A,N/A,202010660,0202010660,,Auto-Correção (Omissão de Zero)
755,N/A,001/2023,N/A,N/A,202010678,0202010678,,Auto-Correção (Omissão de Zero)
756,N/A,001/2023,N/A,N/A,202010694,0202010694,,Auto-Correção (Omissão de Zero)
757,N/A,001/2023,N/A,N/A,202010708,0202010708,,Auto-Correção (Omissão de Zero)
758,N/A,001/2023,N/A,N/A,202010716,0202010716,,Auto-Correção (Omissão de Zero)
759,N/A,001/2023,N/A,N/A,202010724,0202010724,,Auto-Correção (Omissão de Zero)
760,N/A,001/2023,N/A,N/A,202010767,0202010767,,Auto-Correção (Omissão de Zero)
761,N/A,001/2023,N/A,N/A,202020029,0202020029,,Auto-Correção (Omissão de Zero)
762,N/A,001/2023,N/A,N/A,202020070,0202020070,,Auto-Correção (Omissão de Zero)
763,N/A,001/2023,N/A,N/A,202020096,0202020096,,Auto-Correção (Omissão de Zero)
764,N/A,001/2023,N/A,N/A,202020126,0202020126,,Auto-Correção (Omissão de Zero)
765,N/A,001/2023,N/A,N/A,202020134,0202020134,,Auto-Correção (Omissão de Zero)
766,N/A,001/2023,N/A,N/A,202020142,0202020142,,Auto-Correção (Omissão de Zero)
767,N/A,001/2023,N/A,N/A,202020150,0202020150,,Auto-Correção (Omissão de Zero)
768,N/A,001/2023,N/A,N/A,202020290,0202020290,,Auto-Correção (Omissão de Zero)
769,N/A,001/2023,N/A,N/A,202020304,0202020304,,Auto-Correção (Omissão de Zero)
770,N/A,001/2023,N/A,N/A,202020355,0202020355,,Auto-Correção (Omissão de Zero)
771,N/A,001/2023,N/A,N/A,202020363,0202020363,,Auto-Correção (Omissão de Zero)
772,N/A,001/2023,N/A,N/A,202020371,0202020371,,Auto-Correção (Omissão de Zero)
773,N/A,001/2023,N/A,N/A,202020380,0202020380,,Auto-Correção (Omissão de Zero)
774,N/A,001/2023,N/A,N/A,202020398,0202020398,,Auto-Correção (Omissão de Zero)
775,N/A,001/2023,N/A,N/A,202020410,0202020410,,Auto-Correção (Omissão de Zero)
776,N/A,001/2023,N/A,N/A,202020444,0202020444,,Auto-Correção (Omissão de Zero)
777,N/A,001/2023,N/A,N/A,202020487,0202020487,,Auto-Correção (Omissão de Zero)
778,N/A,001/2023,N/A,N/A,202020495,0202020495,,Auto-Correção (Omissão de Zero)
779,N/A,001/2023,N/A,N/A,202020509,0202020509,,Auto-Correção (Omissão de Zero)
780,N/A,001/2023,N/A,N/A,202020525,0202020525,,Auto-Correção (Omissão de Zero)
781,N/A,001/2023,N/A,N/A,202020576,0202020576,,Auto-Correção (Omissão de Zero)
782,N/A,001/2023,N/A,N/A,202030067,0202030067,,Auto-Correção (Omissão de Zero)
783,N/A,001/2023,N/A,N/A,202030075,0202030075,,Auto-Correção (Omissão de Zero)
784,N/A,001/2023,N/A,N/A,202030083,0202030083,,Auto-Correção (Omissão de Zero)
785,N/A,001/2023,N/A,N/A,202030091,0202030091,,Auto-Correção (Omissão de Zero)
786,N/A,001/2023,N/A,N/A,202030105,0202030105,,Auto-Correção (Omissão de Zero)
787,N/A,001/2023,N/A,N/A,202030121,0202030121,,Auto-Correção (Omissão de Zero)
788,N/A,001/2023,N/A,N/A,202030130,0202030130,,Auto-Correção (Omissão de Zero)
789,N/A,001/2023,N/A,N/A,202030156,0202030156,,Auto-Correção (Omissão de Zero)
790,N/A,001/2023,N/A,N/A,202030164,0202030164,,Auto-Correção (Omissão de Zero)
791,N/A,001/2023,N/A,N/A,202030180,0202030180,,Auto-Correção (Omissão de Zero)
792,N/A,001/2023,N/A,N/A,202030202,0202030202,,Auto-Correção (Omissão de Zero)
793,N/A,001/2023,N/A,N/A,202030229,0202030229,,Auto-Correção (Omissão de Zero)
794,N/A,001/2023,N/A,N/A,202030253,0202030253,,Auto-Correção (Omissão de Zero)
795,N/A,001/2023,N/A,N/A,202030261,0202030261,,Auto-Correção (Omissão de Zero)
796,N/A,001/2023,N/A,N/A,202030270,0202030270,,Auto-Correção (Omissão de Zero)
797,N/A,001/2023,N/A,N/A,202030326,0202030326,,Auto-Correção (Omissão de Zero)
798,N/A,001/2023,N/A,N/A,202030342,0202030342,,Auto-Correção (Omissão de Zero)
799,N/A,001/2023,N/A,N/A,202030350,0202030350,,Auto-Correção (Omissão de Zero)
800,N/A,001/2023,N/A,N/A,202030369,0202030369,,Auto-Correção (Omissão de Zero)
801,N/A,001/2023,N/A,N/A,202030474,0202030474,,Auto-Correção (Omissão de Zero)
802,N/A,001/2023,N/A,N/A,202030555,0202030555,,Auto-Correção (Omissão de Zero)
803,N/A,001/2023,N/A,N/A,202030580,0202030580,,Auto-Correção (Omissão de Zero)
804,N/A,001/2023,N/A,N/A,202030598,0202030598,,Auto-Correção (Omissão de Zero)
805,N/A,001/2023,N/A,N/A,202030628,0202030628,,Auto-Correção (Omissão de Zero)
806,N/A,001/2023,N/A,N/A,202030636,0202030636,,Auto-Correção (Omissão de Zero)
807,N/A,001/2023,N/A,N/A,202030644,0202030644,,Auto-Correção (Omissão de Zero)
808,N/A,001/2023,N/A,N/A,202030687,0202030687,,Auto-Correção (Omissão de Zero)
809,N/A,001/2023,N/A,N/A,202030733,0202030733,,Auto-Correção (Omissão de Zero)
810,N/A,001/2023,N/A,N/A,202030741,0202030741,,Auto-Correção (Omissão de Zero)
811,N/A,001/2023,N/A,N/A,202030768,0202030768,,Auto-Correção (Omissão de Zero)
812,N/A,001/2023,N/A,N/A,202030784,0202030784,,Auto-Correção (Omissão de Zero)
813,N/A,001/2023,N/A,N/A,202030806,0202030806,,Auto-Correção (Omissão de Zero)
814,N/A,001/2023,N/A,N/A,202030814,0202030814,,Auto-Correção (Omissão de Zero)
815,N/A,001/2023,N/A,N/A,202030822,0202030822,,Auto-Correção (Omissão de Zero)
816,N/A,001/2023,N/A,N/A,202030830,0202030830,,Auto-Correção (Omissão de Zero)
817,N/A,001/2023,N/A,N/A,202030849,0202030849,,Auto-Correção (Omissão de Zero)
818,N/A,001/2023,N/A,N/A,202030857,0202030857,,Auto-Correção (Omissão de Zero)
819,N/A,001/2023,N/A,N/A,202030873,0202030873,,Auto-Correção (Omissão de Zero)
820,N/A,001/2023,N/A,N/A,202030890,0202030890,,Auto-Correção (Omissão de Zero)
821,N/A,001/2023,N/A,N/A,202030911,0202030911,,Auto-Correção (Omissão de Zero)
822,N/A,001/2023,N/A,N/A,202030920,0202030920,,Auto-Correção (Omissão de Zero)
823,N/A,001/2023,N/A,N/A,202030938,0202030938,,Auto-Correção (Omissão de Zero)
824,N/A,001/2023,N/A,N/A,202030946,0202030946,,Auto-Correção (Omissão de Zero)
825,N/A,001/2023,N/A,N/A,202030954,0202030954,,Auto-Correção (Omissão de Zero)
826,N/A,001/2023,N/A,N/A,202030962,0202030962,,Auto-Correção (Omissão de Zero)
827,N/A,001/2023,N/A,N/A,202031446,0202031446,,Auto-Correção (Omissão de Zero)
828,N/A,001/2023,N/A,N/A,202031462,0202031462,,Auto-Correção (Omissão de Zero)
829,N/A,001/2023,N/A,N/A,202031470,0202031470,,Auto-Correção (Omissão de Zero)
830,N/A,001/2023,N/A,N/A,202031500,0202031500,,Auto-Correção (Omissão de Zero)
831,N/A,001/2023,N/A,N/A,202030989,0202030989,,Auto-Correção (Omissão de Zero)
832,N/A,001/2023,N/A,N/A,202031012,0202031012,,Auto-Correção (Omissão de Zero)
833,N/A,001/2023,N/A,N/A,202031039,0202031039,,Auto-Correção (Omissão de Zero)
834,N/A,001/2023,N/A,N/A,202031110,0202031110,,Auto-Correção (Omissão de Zero)
835,N/A,001/2023,N/A,N/A,202031209,0202031209,,Auto-Correção (Omissão de Zero)
836,N/A,001/2023,N/A,N/A,202031217,0202031217,,Auto-Correção (Omissão de Zero)
837,N/A,001/2023,N/A,N/A,202040070,0202040070,,Auto-Correção (Omissão de Zero)
838,N/A,001/2023,N/A,N/A,202040089,0202040089,,Auto-Correção (Omissão de Zero)
839,N/A,001/2023,N/A,N/A,202040097,0202040097,,Auto-Correção (Omissão de Zero)
840,N/A,001/2023,N/A,N/A,202040100,0202040100,,Auto-Correção (Omissão de Zero)
841,N/A,001/2023,N/A,N/A,202040127,0202040127,,Auto-Correção (Omissão de Zero)
842,N/A,001/2023,N/A,N/A,202040135,0202040135,,Auto-Correção (Omissão de Zero)
843,N/A,001/2023,N/A,N/A,202040143,0202040143,,Auto-Correção (Omissão de Zero)
844,N/A,001/2023,N/A,N/A,202050017,0202050017,,Auto-Correção (Omissão de Zero)
845,N/A,001/2023,N/A,N/A,202050025,0202050025,,Auto-Correção (Omissão de Zero)
846,N/A,001/2023,N/A,N/A,202050033,0202050033,,Auto-Correção (Omissão de Zero)
847,N/A,001/2023,N/A,N/A,202050041,0202050041,,Auto-Correção (Omissão de Zero)
848,N/A,001/2023,N/A,N/A,202050092,0202050092,,Auto-Correção (Omissão de Zero)
849,N/A,001/2023,N/A,N/A,202050114,0202050114,,Auto-Correção (Omissão de Zero)
850,N/A,001/2023,N/A,N/A,202050190,0202050190,,Auto-Correção (Omissão de Zero)
851,N/A,001/2023,N/A,N/A,202060020,0202060020,,Auto-Correção (Omissão de Zero)
852,N/A,001/2023,N/A,N/A,202060144,0202060144,,Auto-Correção (Omissão de Zero)
853,N/A,001/2023,N/A,N/A,202060152,0202060152,,Auto-Correção (Omissão de Zero)
854,N/A,001/2023,N/A,N/A,202060160,0202060160,,Auto-Correção (Omissão de Zero)
855,N/A,001/2023,N/A,N/A,202060179,0202060179,,Auto-Correção (Omissão de Zero)
856,N/A,001/2023,N/A,N/A,202060187,0202060187,,Auto-Correção (Omissão de Zero)
857,N/A,001/2023,N/A,N/A,202060217,0202060217,,Auto-Correção (Omissão de Zero)
858,N/A,001/2023,N/A,N/A,202060225,0202060225,,Auto-Correção (Omissão de Zero)
859,N/A,001/2023,N/A,N/A,202060233,0202060233,,Auto-Correção (Omissão de Zero)
860,N/A,001/2023,N/A,N/A,202060241,0202060241,,Auto-Correção (Omissão de Zero)
861,N/A,001/2023,N/A,N/A,202060250,0202060250,,Auto-Correção (Omissão de Zero)
862,N/A,001/2023,N/A,N/A,202060268,0202060268,,Auto-Correção (Omissão de Zero)
863,N/A,001/2023,N/A,N/A,202060276,0202060276,,Auto-Correção (Omissão de Zero)
864,N/A,001/2023,N/A,N/A,202060292,0202060292,,Auto-Correção (Omissão de Zero)
865,N/A,001/2023,N/A,N/A,202060306,0202060306,,Auto-Correção (Omissão de Zero)
866,N/A,001/2023,N/A,N/A,202060322,0202060322,,Auto-Correção (Omissão de Zero)
867,N/A,001/2023,N/A,N/A,202060330,0202060330,,Auto-Correção (Omissão de Zero)
868,N/A,001/2023,N/A,N/A,202060349,0202060349,,Auto-Correção (Omissão de Zero)
869,N/A,001/2023,N/A,N/A,202060357,0202060357,,Auto-Correção (Omissão de Zero)
870,N/A,001/2023,N/A,N/A,202060365,0202060365,,Auto-Correção (Omissão de Zero)
871,N/A,001/2023,N/A,N/A,202060373,0202060373,,Auto-Correção (Omissão de Zero)
872,N/A,001/2023,N/A,N/A,202060381,0202060381,,Auto-Correção (Omissão de Zero)
873,N/A,001/2023,N/A,N/A,202060390,0202060390,,Auto-Correção (Omissão de Zero)
874,N/A,001/2023,N/A,N/A,202060098,0202060098,,Auto-Correção (Omissão de Zero)
875,N/A,001/2023,N/A,N/A,202060110,0202060110,,Auto-Correção (Omissão de Zero)
876,N/A,001/2023,N/A,N/A,202060136,0202060136,,Auto-Correção (Omissão de Zero)
877,N/A,001/2023,N/A,N/A,202070050,0202070050,,Auto-Correção (Omissão de Zero)
878,N/A,001/2023,N/A,N/A,202070085,0202070085,,Auto-Correção (Omissão de Zero)
879,N/A,001/2023,N/A,N/A,202070158,0202070158,,Auto-Correção (Omissão de Zero)
880,N/A,001/2023,N/A,N/A,202070174,0202070174,,Auto-Correção (Omissão de Zero)
881,N/A,001/2023,N/A,N/A,202070220,0202070220,,Auto-Correção (Omissão de Zero)
882,N/A,001/2023,N/A,N/A,202070352,0202070352,,Auto-Correção (Omissão de Zero)
883,N/A,001/2023,N/A,N/A,202080013,0202080013,,Auto-Correção (Omissão de Zero)
884,N/A,001/2023,N/A,N/A,202080080,0202080080,,Auto-Correção (Omissão de Zero)
885,N/A,001/2023,N/A,N/A,202090302,0202090302,,Auto-Correção (Omissão de Zero)
886,N/A,001/2023,N/A,N/A,202120023,0202120023,,Auto-Correção (Omissão de Zero)
887,N/A,001/2023,N/A,N/A,202120082,0202120082,,Auto-Correção (Omissão de Zero)
888,N/A,001/2023,N/A,N/A,202020380,0202020380,,Auto-Correção (Omissão de Zero)
889,N/A,001/2023,N/A,N/A,202120023,0202120023,,Auto-Correção (Omissão de Zero)
890,N/A,001/2023,N/A,N/A,202120082,0202120082,,Auto-Correção (Omissão de Zero)
891,N/A,001/2023,N/A,N/A,202010473,0202010473,,Auto-Correção (Omissão de Zero)
892,N/A,001/2023,N/A,N/A,202050017,0202050017,,Auto-Correção (Omissão de Zero)
893,N/A,001/2023,N/A,N/A,202080080,0202080080,,Auto-Correção (Omissão de Zero)
894,N/A,001/2023,N/A,N/A,202080013,0202080013,,Auto-Correção (Omissão de Zero)
895,N/A,001/2023,N/A,N/A,202031179,0202031179,,Auto-Correção (Omissão de Zero)
896,N/A,001/2023,N/A,N/A,202030873,0202030873,,Auto-Correção (Omissão de Zero)
897,N/A,001/2023,N/A,N/A,202030768,0202030768,,Auto-Correção (Omissão de Zero)
898,N/A,001/2023,N/A,N/A,202031454,0202031454,,Auto-Correção (Omissão de Zero)
899,N/A,001/2023,N/A,N/A,202031489,0202031489,,Auto-Correção (Omissão de Zero)
900,N/A,001/2023,N/A,N/A,202020355,0202020355,,Auto-Correção (Omissão de Zero)
901,N/A,001/2023,N/A,N/A,202031519,0202031519,,Auto-Correção (Omissão de Zero)
902,N/A,001/2023,N/A,N/A,202031543,0202031543,,Auto-Correção (Omissão de Zero)
903,N/A,001/2023,N/A,N/A,202110044,0202110044,,Auto-Correção (Omissão de Zero)
904,N/A,001/2023,N/A,N/A,202110052,0202110052,,Auto-Correção (Omissão de Zero)
905,N/A,001/2023,N/A,N/A,202110060,0202110060,,Auto-Correção (Omissão de Zero)
906,N/A,001/2023,N/A,N/A,202110079,0202110079,,Auto-Correção (Omissão de Zero)
907,N/A,001/2023,N/A,N/A,202110087,0202110087,,Auto-Correção (Omissão de Zero)
908,N/A,001/2023,N/A,N/A,202110095,0202110095,,Auto-Correção (Omissão de Zero)
909,N/A,001/2023,N/A,N/A,202110109,0202110109,,Auto-Correção (Omissão de Zero)
910,N/A,001/2023,N/A,N/A,202110150,0202110150,,Auto-Correção (Omissão de Zero)
911,N/A,001/2023,N/A,N/A,203010019,0203010019,,Auto-Correção (Omissão de Zero)
912,N/A,001/2023,N/A,N/A,203010086,0203010086,,Auto-Correção (Omissão de Zero)
913,N/A,001/2023,N/A,N/A,204010047,0204010047,,Auto-Correção (Omissão de Zero)
914,N/A,001/2023,N/A,N/A,204010063,0204010063,,Auto-Correção (Omissão de Zero)
915,N/A,001/2023,N/A,N/A,204010071,0204010071,,Auto-Correção (Omissão de Zero)
916,N/A,001/2023,N/A,N/A,204010080,0204010080,,Auto-Correção (Omissão de Zero)
917,N/A,001/2023,N/A,N/A,204010101,0204010101,,Auto-Correção (Omissão de Zero)
918,N/A,001/2023,N/A,N/A,204010110,0204010110,,Auto-Correção (Omissão de Zero)
919,N/A,001/2023,N/A,N/A,204010128,0204010128,,Auto-Correção (Omissão de Zero)
920,N/A,001/2023,N/A,N/A,204010136,0204010136,,Auto-Correção (Omissão de Zero)
921,N/A,001/2023,N/A,N/A,204010144,0204010144,,Auto-Correção (Omissão de Zero)
922,N/A,001/2023,N/A,N/A,204020034,0204020034,,Auto-Correção (Omissão de Zero)
923,N/A,001/2023,N/A,N/A,204020042,0204020042,,Auto-Correção (Omissão de Zero)
924,N/A,001/2023,N/A,N/A,204020050,0204020050,,Auto-Correção (Omissão de Zero)
925,N/A,001/2023,N/A,N/A,204020069,0204020069,,Auto-Correção (Omissão de Zero)
926,N/A,001/2023,N/A,N/A,204020077,0204020077,,Auto-Correção (Omissão de Zero)
927,N/A,001/2023,N/A,N/A,204020085,0204020085,,Auto-Correção (Omissão de Zero)
928,N/A,001/2023,N/A,N/A,204020093,0204020093,,Auto-Correção (Omissão de Zero)
929,N/A,001/2023,N/A,N/A,204020107,0204020107,,Auto-Correção (Omissão de Zero)
930,N/A,001/2023,N/A,N/A,204020115,0204020115,,Auto-Correção (Omissão de Zero)
931,N/A,001/2023,N/A,N/A,204020123,0204020123,,Auto-Correção (Omissão de Zero)
932,N/A,001/2023,N/A,N/A,204030030,0204030030,,Auto-Correção (Omissão de Zero)
933,N/A,001/2023,N/A,N/A,204030072,0204030072,,Auto-Correção (Omissão de Zero)
934,N/A,001/2023,N/A,N/A,204030145,0204030145,,Auto-Correção (Omissão de Zero)
935,N/A,001/2023,N/A,N/A,204030153,0204030153,,Auto-Correção (Omissão de Zero)
936,N/A,001/2023,N/A,N/A,204030170,0204030170,,Auto-Correção (Omissão de Zero)
937,N/A,001/2023,N/A,N/A,204030188,0204030188,,Auto-Correção (Omissão de Zero)
938,N/A,001/2023,N/A,N/A,204040019,0204040019,,Auto-Correção (Omissão de Zero)
939,N/A,001/2023,N/A,N/A,204040027,0204040027,,Auto-Correção (Omissão de Zero)
940,N/A,001/2023,N/A,N/A,204040035,0204040035,,Auto-Correção (Omissão de Zero)
941,N/A,001/2023,N/A,N/A,202040043,0202040043,,Auto-Correção (Omissão de Zero)
942,N/A,001/2023,N/A,N/A,204040051,0204040051,,Auto-Correção (Omissão de Zero)
943,N/A,001/2023,N/A,N/A,204040060,0204040060,,Auto-Correção (Omissão de Zero)
944,N/A,001/2023,N/A,N/A,204040078,0204040078,,Auto-Correção (Omissão de Zero)
945,N/A,001/2023,N/A,N/A,204040094,0204040094,,Auto-Correção (Omissão de Zero)
946,N/A,001/2023,N/A,N/A,204040108,0204040108,,Auto-Correção (Omissão de Zero)
947,N/A,001/2023,N/A,N/A,204040116,0204040116,,Auto-Correção (Omissão de Zero)
948,N/A,001/2023,N/A,N/A,204040124,0204040124,,Auto-Correção (Omissão de Zero)
949,N/A,001/2023,N/A,N/A,204050138,0204050138,,Auto-Correção (Omissão de Zero)
950,N/A,001/2023,N/A,N/A,204060036,0204060036,,Auto-Correção (Omissão de Zero)
951,N/A,001/2023,N/A,N/A,204060060,0204060060,,Auto-Correção (Omissão de Zero)
952,N/A,001/2023,N/A,N/A,204060079,0204060079,,Auto-Correção (Omissão de Zero)
953,N/A,001/2023,N/A,N/A,204060087,0204060087,,Auto-Correção (Omissão de Zero)
954,N/A,001/2023,N/A,N/A,204060095,0204060095,,Auto-Correção (Omissão de Zero)
955,N/A,001/2023,N/A,N/A,204060109,0204060109,,Auto-Correção (Omissão de Zero)
956,N/A,001/2023,N/A,N/A,204060117,0204060117,,Auto-Correção (Omissão de Zero)
957,N/A,001/2023,N/A,N/A,204060125,0204060125,,Auto-Correção (Omissão de Zero)
958,N/A,001/2023,N/A,N/A,204060133,0204060133,,Auto-Correção (Omissão de Zero)
959,N/A,001/2023,N/A,N/A,204060141,0204060141,,Auto-Correção (Omissão de Zero)
960,N/A,001/2023,N/A,N/A,204060150,0204060150,,Auto-Correção (Omissão de Zero)
961,N/A,001/2023,N/A,N/A,204060168,0204060168,,Auto-Correção (Omissão de Zero)
962,N/A,001/2023,N/A,N/A,204060176,0204060176,,Auto-Correção (Omissão de Zero)
963,N/A,001/2023,N/A,N/A,205020038,0205020038,,Auto-Correção (Omissão de Zero)
964,N/A,001/2023,N/A,N/A,205020046,0205020046,,Auto-Correção (Omissão de Zero)
965,N/A,001/2023,N/A,N/A,205020054,0205020054,,Auto-Correção (Omissão de Zero)
966,N/A,001/2023,N/A,N/A,205020070,0205020070,,Auto-Correção (Omissão de Zero)
967,N/A,001/2023,N/A,N/A,205020100,0205020100,,Auto-Correção (Omissão de Zero)
968,N/A,001/2023,N/A,N/A,205020062,0205020062,,Auto-Correção (Omissão de Zero)
969,N/A,001/2023,N/A,N/A,205020097,0205020097,,Auto-Correção (Omissão de Zero)
970,N/A,001/2023,N/A,N/A,205020127,0205020127,,Auto-Correção (Omissão de Zero)
971,N/A,001/2023,N/A,N/A,205020143,0205020143,,Auto-Correção (Omissão de Zero)
972,N/A,001/2023,N/A,N/A,205020160,0205020160,,Auto-Correção (Omissão de Zero)
973,N/A,001/2023,N/A,N/A,205020186,0205020186,,Auto-Correção (Omissão de Zero)
974,N/A,001/2023,N/A,N/A,206010044,0206010044,,Auto-Correção (Omissão de Zero)
975,N/A,001/2023,N/A,N/A,206010010,0206010010,,Auto-Correção (Omissão de Zero)
976,N/A,001/2023,N/A,N/A,206010028,0206010028,,Auto-Correção (Omissão de Zero)
977,N/A,001/2023,N/A,N/A,206010036,0206010036,,Auto-Correção (Omissão de Zero)
978,N/A,001/2023,N/A,N/A,206010052,0206010052,,Auto-Correção (Omissão de Zero)
979,N/A,001/2023,N/A,N/A,206010060,0206010060,,Auto-Correção (Omissão de Zero)
980,N/A,001/2023,N/A,N/A,206010079,0206010079,,Auto-Correção (Omissão de Zero)
981,N/A,001/2023,N/A,N/A,206020015,0206020015,,Auto-Correção (Omissão de Zero)
982,N/A,001/2023,N/A,N/A,206020023,0206020023,,Auto-Correção (Omissão de Zero)
983,N/A,001/2023,N/A,N/A,206020031,0206020031,,Auto-Correção (Omissão de Zero)
984,N/A,001/2023,N/A,N/A,206030010,0206030010,,Auto-Correção (Omissão de Zero)
985,N/A,001/2023,N/A,N/A,206030029,0206030029,,Auto-Correção (Omissão de Zero)
986,N/A,001/2023,N/A,N/A,206030037,0206030037,,Auto-Correção (Omissão de Zero)
987,N/A,001/2023,N/A,N/A,211030015,0211030015,,Auto-Correção (Omissão de Zero)
988,N/A,001/2023,N/A,N/A,211030023,0211030023,,Auto-Correção (Omissão de Zero)
989,N/A,001/2023,N/A,N/A,211030031,0211030031,,Auto-Correção (Omissão de Zero)
990,N/A,001/2023,N/A,N/A,211030040,0211030040,,Auto-Correção (Omissão de Zero)
991,N/A,001/2023,N/A,N/A,211030058,0211030058,,Auto-Correção (Omissão de Zero)
992,N/A,001/2023,N/A,N/A,211030066,0211030066,,Auto-Correção (Omissão de Zero)
993,N/A,001/2023,N/A,N/A,211030074,0211030074,,Auto-Correção (Omissão de Zero)
994,N/A,001/2023,N/A,N/A,211030082,0211030082,,Auto-Correção (Omissão de Zero)
995,N/A,001/2023,N/A,N/A,211050040,0211050040,,Auto-Correção (Omissão de Zero)
996,N/A,001/2023,N/A,N/A,211050113,0211050113,,Auto-Correção (Omissão de Zero)
997,N/A,001/2023,N/A,N/A,211070017,0211070017,,Auto-Correção (Omissão de Zero)
998,N/A,001/2023,N/A,N/A,211070025,0211070025,,Auto-Correção (Omissão de Zero)
999,N/A,001/2023,N/A,N/A,211070033,0211070033,,Auto-Correção (Omissão de Zero)
1000,N/A,001/2023,N/A,N/A,211070041,0211070041,,Auto-Correção (Omissão de Zero)
1001,N/A,001/2023,N/A,N/A,211070050,0211070050,,Auto-Correção (Omissão de Zero)
1002,N/A,001/2023,N/A,N/A,211070068,0211070068,,Auto-Correção (Omissão de Zero)
1003,N/A,001/2023,N/A,N/A,211070076,0211070076,,Auto-Correção (Omissão de Zero)
1004,N/A,001/2023,N/A,N/A,211070084,0211070084,,Auto-Correção (Omissão de Zero)
1005,N/A,001/2023,N/A,N/A,211070092,0211070092,,Auto-Correção (Omissão de Zero)
1006,N/A,001/2023,N/A,N/A,211070106,0211070106,,Auto-Correção (Omissão de Zero)
1007,N/A,001/2023,N/A,N/A,211070114,0211070114,,Auto-Correção (Omissão de Zero)
1008,N/A,001/2023,N/A,N/A,211070149,0211070149,,Auto-Correção (Omissão de Zero)
1009,N/A,001/2023,N/A,N/A,211070157,0211070157,,Auto-Correção (Omissão de Zero)
1010,N/A,001/2023,N/A,N/A,211070173,0211070173,,Auto-Correção (Omissão de Zero)
1011,N/A,001/2023,N/A,N/A,211070181,0211070181,,Auto-Correção (Omissão de Zero)
1012,N/A,001/2023,N/A,N/A,211070190,0211070190,,Auto-Correção (Omissão de Zero)
1013,N/A,001/2023,N/A,N/A,211070203,0211070203,,Auto-Correção (Omissão de Zero)
1014,N/A,001/2023,N/A,N/A,211070211,0211070211,,Auto-Correção (Omissão de Zero)
1015,N/A,001/2023,N/A,N/A,211070220,0211070220,,Auto-Correção (Omissão de Zero)
1016,N/A,001/2023,N/A,N/A,211070238,0211070238,,Auto-Correção (Omissão de Zero)
1017,N/A,001/2023,N/A,N/A,211070246,0211070246,,Auto-Correção (Omissão de Zero)
1018,N/A,001/2023,N/A,N/A,211070254,0211070254,,Auto-Correção (Omissão de Zero)
1019,N/A,001/2023,N/A,N/A,211070262,0211070262,,Auto-Correção (Omissão de Zero)
1020,N/A,001/2023,N/A,N/A,211070270,0211070270,,Auto-Correção (Omissão de Zero)
1021,N/A,001/2023,N/A,N/A,211070289,0211070289,,Auto-Correção (Omissão de Zero)
1022,N/A,001/2023,N/A,N/A,211070297,0211070297,,Auto-Correção (Omissão de Zero)
1023,N/A,001/2023,N/A,N/A,211070300,0211070300,,Auto-Correção (Omissão de Zero)
1024,N/A,001/2023,N/A,N/A,211070319,0211070319,,Auto-Correção (Omissão de Zero)
1025,N/A,001/2023,N/A,N/A,211070327,0211070327,,Auto-Correção (Omissão de Zero)
1026,N/A,001/2023,N/A,N/A,211070335,0211070335,,Auto-Correção (Omissão de Zero)
1027,N/A,001/2023,N/A,N/A,211070343,0211070343,,Auto-Correção (Omissão de Zero)
1028,N/A,001/2023,N/A,N/A,211070351,0211070351,,Auto-Correção (Omissão de Zero)
1029,N/A,001/2023,N/A,N/A,211100013,0211100013,,Auto-Correção (Omissão de Zero)
1030,N/A,001/2023,N/A,N/A,301010048,0301010048,,Auto-Correção (Omissão de Zero)
1031,N/A,001/2023,N/A,N/A,301010072,0301010072,,Auto-Correção (Omissão de Zero)
1032,N/A,001/2023,N/A,N/A,301040036,0301040036,,Auto-Correção (Omissão de Zero)
1033,N/A,001/2023,N/A,N/A,301040044,0301040044,,Auto-Correção (Omissão de Zero)
1034,N/A,001/2023,N/A,N/A,301070024,0301070024,,Auto-Correção (Omissão de Zero)
1035,N/A,001/2023,N/A,N/A,301070032,0301070032,,Auto-Correção (Omissão de Zero)
1036,N/A,001/2023,N/A,N/A,301070040,0301070040,,Auto-Correção (Omissão de Zero)
1037,N/A,001/2023,N/A,N/A,301070059,0301070059,,Auto-Correção (Omissão de Zero)
1038,N/A,001/2023,N/A,N/A,301070067,0301070067,,Auto-Correção (Omissão de Zero)
1039,N/A,001/2023,N/A,N/A,301070075,0301070075,,Auto-Correção (Omissão de Zero)
1040,N/A,001/2023,N/A,N/A,301070083,0301070083,,Auto-Correção (Omissão de Zero)
1041,N/A,001/2023,N/A,N/A,301070091,0301070091,,Auto-Correção (Omissão de Zero)
1042,N/A,001/2023,N/A,N/A,301070113,0301070113,,Auto-Correção (Omissão de Zero)
1043,N/A,001/2023,N/A,N/A,301070148,0301070148,,Auto-Correção (Omissão de Zero)
1044,N/A,001/2023,N/A,N/A,301080160,0301080160,,Auto-Correção (Omissão de Zero)
1045,N/A,001/2023,N/A,N/A,301120013,0301120013,,Auto-Correção (Omissão de Zero)
1046,N/A,001/2023,N/A,N/A,301120030,0301120030,,Auto-Correção (Omissão de Zero)
1047,N/A,001/2023,N/A,N/A,301120048,0301120048,,Auto-Correção (Omissão de Zero)
1048,N/A,001/2023,N/A,N/A,301120064,0301120064,,Auto-Correção (Omissão de Zero)
1049,N/A,001/2023,N/A,N/A,301120072,0301120072,,Auto-Correção (Omissão de Zero)
1050,N/A,001/2023,N/A,N/A,302010017,0302010017,,Auto-Correção (Omissão de Zero)
1051,N/A,001/2023,N/A,N/A,302010025,0302010025,,Auto-Correção (Omissão de Zero)
1052,N/A,001/2023,N/A,N/A,302020020,0302020020,,Auto-Correção (Omissão de Zero)
1053,N/A,001/2023,N/A,N/A,302020039,0302020039,,Auto-Correção (Omissão de Zero)
1054,N/A,001/2023,N/A,N/A,302030026,0302030026,,Auto-Correção (Omissão de Zero)
1055,N/A,001/2023,N/A,N/A,302040013,0302040013,,Auto-Correção (Omissão de Zero)
1056,N/A,001/2023,N/A,N/A,302040021,0302040021,,Auto-Correção (Omissão de Zero)
1057,N/A,001/2023,N/A,N/A,302040030,0302040030,,Auto-Correção (Omissão de Zero)
1058,N/A,001/2023,N/A,N/A,302040048,0302040048,,Auto-Correção (Omissão de Zero)
1059,N/A,001/2023,N/A,N/A,302040056,0302040056,,Auto-Correção (Omissão de Zero)
1060,N/A,001/2023,N/A,N/A,302050019,0302050019,,Auto-Correção (Omissão de Zero)
1061,N/A,001/2023,N/A,N/A,302050027,0302050027,,Auto-Correção (Omissão de Zero)
1062,N/A,001/2023,N/A,N/A,302060014,0302060014,,Auto-Correção (Omissão de Zero)
1063,N/A,001/2023,N/A,N/A,302060022,0302060022,,Auto-Correção (Omissão de Zero)
1064,N/A,001/2023,N/A,N/A,302060030,0302060030,,Auto-Correção (Omissão de Zero)
1065,N/A,001/2023,N/A,N/A,302060049,0302060049,,Auto-Correção (Omissão de Zero)
1066,N/A,001/2023,N/A,N/A,302060057,0302060057,,Auto-Correção (Omissão de Zero)
1067,N/A,001/2023,N/A,N/A,701010010,0701010010,,Auto-Correção (Omissão de Zero)
1068,N/A,001/2023,N/A,N/A,701010029,0701010029,,Auto-Correção (Omissão de Zero)
1069,N/A,001/2023,N/A,N/A,701010037,0701010037,,Auto-Correção (Omissão de Zero)
1070,N/A,001/2023,N/A,N/A,701010045,0701010045,,Auto-Correção (Omissão de Zero)
1071,N/A,001/2023,N/A,N/A,701010100,0701010100,,Auto-Correção (Omissão de Zero)
1072,N/A,001/2023,N/A,N/A,701010134,0701010134,,Auto-Correção (Omissão de Zero)
1073,N/A,001/2023,N/A,N/A,701010142,0701010142,,Auto-Correção (Omissão de Zero)
1074,N/A,001/2023,N/A,N/A,701010150,0701010150,,Auto-Correção (Omissão de Zero)
1075,N/A,001/2023,N/A,N/A,701010169,0701010169,,Auto-Correção (Omissão de Zero)
1076,N/A,001/2023,N/A,N/A,701010177,0701010177,,Auto-Correção (Omissão de Zero)
1077,N/A,001/2023,N/A,N/A,701010207,0701010207,,Auto-Correção (Omissão de Zero)
1078,N/A,001/2023,N/A,N/A,701010215,0701010215,,Auto-Correção (Omissão de Zero)
1079,N/A,001/2023,N/A,N/A,701010223,0701010223,,Auto-Correção (Omissão de Zero)
1080,N/A,001/2023,N/A,N/A,701010231,0701010231,,Auto-Correção (Omissão de Zero)
1081,N/A,001/2023,N/A,N/A,701010240,0701010240,,Auto-Correção (Omissão de Zero)
1082,N/A,001/2023,N/A,N/A,701010258,0701010258,,Auto-Correção (Omissão de Zero)
1083,N/A,001/2023,N/A,N/A,701010266,0701010266,,Auto-Correção (Omissão de Zero)
1084,N/A,001/2023,N/A,N/A,701010274,0701010274,,Auto-Correção (Omissão de Zero)
1085,N/A,001/2023,N/A,N/A,701010282,0701010282,,Auto-Correção (Omissão de Zero)
1086,N/A,001/2023,N/A,N/A,701010290,0701010290,,Auto-Correção (Omissão de Zero)
1087,N/A,001/2023,N/A,N/A,701010304,0701010304,,Auto-Correção (Omissão de Zero)
1088,N/A,001/2023,N/A,N/A,701010312,0701010312,,Auto-Correção (Omissão de Zero)
1089,N/A,001/2023,N/A,N/A,701010320,0701010320,,Auto-Correção (Omissão de Zero)
1090,N/A,001/2023,N/A,N/A,701010339,0701010339,,Auto-Correção (Omissão de Zero)
1091,N/A,001/2023,N/A,N/A,701020067,0701020067,,Auto-Correção (Omissão de Zero)
1092,N/A,001/2023,N/A,N/A,701020075,0701020075,,Auto-Correção (Omissão de Zero)
1093,N/A,001/2023,N/A,N/A,701020148,0701020148,,Auto-Correção (Omissão de Zero)
1094,N/A,001/2023,N/A,N/A,701020156,0701020156,,Auto-Correção (Omissão de Zero)
1095,N/A,001/2023,N/A,N/A,701020164,0701020164,,Auto-Correção (Omissão de Zero)
1096,N/A,001/2023,N/A,N/A,701020229,0701020229,,Auto-Correção (Omissão de Zero)
1097,N/A,001/2023,N/A,N/A,701020237,0701020237,,Auto-Correção (Omissão de Zero)
1098,N/A,001/2023,N/A,N/A,701020245,0701020245,,Auto-Correção (Omissão de Zero)
1099,N/A,001/2023,N/A,N/A,701020253,0701020253,,Auto-Correção (Omissão de Zero)
1100,N/A,001/2023,N/A,N/A,701020598,0701020598,,Auto-Correção (Omissão de Zero)
1101,N/A,001/2023,N/A,N/A,701020628,0701020628,,Auto-Correção (Omissão de Zero)
1102,N/A,001/2023,N/A,N/A,701020636,0701020636,,Auto-Correção (Omissão de Zero)
1103,N/A,001/2023,N/A,N/A,701020644,0701020644,,Auto-Correção (Omissão de Zero)
1104,N/A,001/2023,N/A,N/A,701020652,0701020652,,Auto-Correção (Omissão de Zero)
1105,N/A,001/2023,N/A,N/A,701030062,0701030062,,Auto-Correção (Omissão de Zero)
1106,N/A,001/2023,N/A,N/A,701030070,0701030070,,Auto-Correção (Omissão de Zero)
1107,N/A,001/2023,N/A,N/A,701030089,0701030089,,Auto-Correção (Omissão de Zero)
1108,N/A,001/2023,N/A,N/A,701030097,0701030097,,Auto-Correção (Omissão de Zero)
1109,N/A,001/2023,N/A,N/A,701030100,0701030100,,Auto-Correção (Omissão de Zero)
1110,N/A,001/2023,N/A,N/A,701030119,0701030119,,Auto-Correção (Omissão de Zero)
1111,N/A,001/2023,N/A,N/A,701030127,0701030127,,Auto-Correção (Omissão de Zero)
1112,N/A,001/2023,N/A,N/A,701030135,0701030135,,Auto-Correção (Omissão de Zero)
1113,N/A,001/2023,N/A,N/A,701030143,0701030143,,Auto-Correção (Omissão de Zero)
1114,N/A,001/2023,N/A,N/A,701030186,0701030186,,Auto-Correção (Omissão de Zero)
1115,N/A,001/2023,N/A,N/A,701030194,0701030194,,Auto-Correção (Omissão de Zero)
1116,N/A,001/2023,N/A,N/A,701030208,0701030208,,Auto-Correção (Omissão de Zero)
1117,N/A,001/2023,N/A,N/A,701030216,0701030216,,Auto-Correção (Omissão de Zero)
1118,N/A,001/2023,N/A,N/A,701030224,0701030224,,Auto-Correção (Omissão de Zero)
1119,N/A,001/2023,N/A,N/A,701030232,0701030232,,Auto-Correção (Omissão de Zero)
1120,N/A,001/2023,N/A,N/A,701030240,0701030240,,Auto-Correção (Omissão de Zero)
1121,N/A,001/2023,N/A,N/A,701030259,0701030259,,Auto-Correção (Omissão de Zero)
1122,N/A,001/2023,N/A,N/A,701030267,0701030267,,Auto-Correção (Omissão de Zero)
1123,N/A,001/2023,N/A,N/A,701030275,0701030275,,Auto-Correção (Omissão de Zero)
1124,N/A,001/2023,N/A,N/A,701030283,0701030283,,Auto-Correção (Omissão de Zero)
1125,N/A,001/2023,N/A,N/A,701030291,0701030291,,Auto-Correção (Omissão de Zero)
1126,N/A,001/2023,N/A,N/A,701030321,0701030321,,Auto-Correção (Omissão de Zero)
1127,N/A,589/2025,N/A,N/A,305010107,0305010107,,Auto-Correção (Omissão de Zero)
1128,N/A,589/2025,N/A,N/A,305010093,0305010093,,Auto-Correção (Omissão de Zero)
1129,N/A,589/2025,N/A,N/A,305010115,0305010115,,Auto-Correção (Omissão de Zero)
1130,N/A,589/2025,N/A,N/A,305010123,0305010123,,Auto-Correção (Omissão de Zero)
1131,N/A,589/2025,N/A,N/A,202020371,0202020371,,Auto-Correção (Omissão de Zero)
1132,N/A,589/2025,N/A,N/A,202020304,0202020304,,Auto-Correção (Omissão de Zero)
1133,N/A,589/2025,N/A,N/A,202010694,0202010694,,Auto-Correção (Omissão de Zero)
1134,N/A,589/2025,N/A,N/A,202010694,0202010694,,Auto-Correção (Omissão de Zero)
1135,N/A,589/2025,N/A,N/A,202010635,0202010635,,Auto-Correção (Omissão de Zero)
1136,N/A,589/2025,N/A,N/A,202010600,0202010600,,Auto-Correção (Omissão de Zero)
1137,N/A,589/2025,N/A,N/A,202010210,0202010210,,Auto-Correção (Omissão de Zero)
1138,N/A,589/2025,N/A,N/A,202010430,0202010430,,Auto-Correção (Omissão de Zero)
1139,N/A,589/2025,N/A,N/A,202010651,0202010651,,Auto-Correção (Omissão de Zero)
1140,N/A,589/2025,N/A,N/A,202010473,0202010473,,Auto-Correção (Omissão de Zero)
1141,N/A,589/2025,N/A,N/A,202010317,0202010317,,Auto-Correção (Omissão de Zero)
1142,N/A,589/2025,N/A,N/A,202030890,0202030890,,Auto-Correção (Omissão de Zero)
1143,N/A,589/2025,N/A,N/A,202031446,0202031446,,Auto-Correção (Omissão de Zero)
1144,N/A,589/2025,N/A,N/A,202031470,0202031470,,Auto-Correção (Omissão de Zero)
1145,N/A,589/2025,N/A,N/A,202020380,0202020380,,Auto-Correção (Omissão de Zero)
1146,N/A,589/2025,N/A,N/A,202010422,0202010422,,Auto-Correção (Omissão de Zero)
1147,N/A,589/2025,N/A,N/A,202010384,0202010384,,Auto-Correção (Omissão de Zero)
1148,N/A,589/2025,N/A,N/A,202060276,0202060276,,Auto-Correção (Omissão de Zero)
1149,N/A,589/2025,N/A,N/A,202010627,0202010627,,Auto-Correção (Omissão de Zero)
1150,N/A,589/2025,N/A,N/A,202010503,0202010503,,Auto-Correção (Omissão de Zero)
1151,N/A,589/2025,N/A,N/A,202010767,0202010767,,Auto-Correção (Omissão de Zero)
1152,N/A,589/2025,N/A,N/A,202030636,0202030636,,Auto-Correção (Omissão de Zero)
1153,N/A,589/2025,N/A,N/A,202031446,0202031446,,Auto-Correção (Omissão de Zero)
1154,N/A,589/2025,N/A,N/A,202031470,0202031470,,Auto-Correção (Omissão de Zero)
1155,N/A,589/2025,N/A,N/A,202010295,0202010295,,Auto-Correção (Omissão de Zero)
1156,N/A,589/2025,N/A,N/A,202010678,0202010678,,Auto-Correção (Omissão de Zero)
1157,N/A,589/2025,N/A,N/A,202070085,0202070085,,Auto-Correção (Omissão de Zero)
1158,N/A,589/2025,N/A,N/A,202010473,0202010473,,Auto-Correção (Omissão de Zero)
1159,N/A,589/2025,N/A,N/A,202060250,0202060250,,Auto-Correção (Omissão de Zero)
1160,N/A,589/2025,N/A,N/A,202060373,0202060373,,Auto-Correção (Omissão de Zero)
1161,N/A,589/2025,N/A,N/A,202031500,0202031500,,Auto-Correção (Omissão de Zero)
1162,N/A,589/2025,N/A,N/A,202080153,0202080153,,Auto-Correção (Omissão de Zero)
1163,N/A,589/2025,N/A,N/A,204030153,0204030153,,Auto-Correção (Omissão de Zero)
1164,N/A,589/2025,N/A,N/A,205020054,0205020054,,Auto-Correção (Omissão de Zero)
1165,N/A,589/2025,N/A,N/A,211020036,0211020036,,Auto-Correção (Omissão de Zero)
1166,N/A,589/2025,N/A,N/A,301010072,0301010072,,Auto-Correção (Omissão de Zero)
1167,N/A,589/2025,N/A,N/A,301010048,0301010048,,Auto-Correção (Omissão de Zero)
1168,N/A,589/2025,N/A,N/A,418010030,0418010030,,Auto-Correção (Omissão de Zero)
1169,N/A,589/2025,N/A,N/A,418010021,0418010021,,Auto-Correção (Omissão de Zero)
1170,N/A,589/2025,N/A,N/A,418010048,0418010048,,Auto-Correção (Omissão de Zero)
1171,N/A,589/2025,N/A,N/A,418010064,0418010064,,Auto-Correção (Omissão de Zero)
1172,N/A,589/2025,N/A,N/A,418020019,0418020019,,Auto-Correção (Omissão de Zero)
1173,N/A,589/2025,N/A,N/A,418020035,0418020035,,Auto-Correção (Omissão de Zero)
1174,N/A,589/2025,N/A,N/A,418020027,0418020027,,Auto-Correção (Omissão de Zero)
1175,N/A,589/2025,N/A,N/A,702100013,0702100013,,Auto-Correção (Omissão de Zero)
1176,N/A,589/2025,N/A,N/A,702100021,0702100021,,Auto-Correção (Omissão de Zero)
1177,N/A,589/2025,N/A,N/A,702100099,0702100099,,Auto-Correção (Omissão de Zero)
1178,N/A,589/2025,N/A,N/A,702100102,0702100102,,Auto-Correção (Omissão de Zero)
1179,N/A,434/2025,N/A,N/A,305010107,0305010107,,Auto-Correção (Omissão de Zero)
1180,N/A,434/2025,N/A,N/A,305010093,0305010093,,Auto-Correção (Omissão de Zero)
1181,N/A,434/2025,N/A,N/A,305010115,0305010115,,Auto-Correção (Omissão de Zero)
1182,N/A,434/2025,N/A,N/A,305010123,0305010123,,Auto-Correção (Omissão de Zero)
1183,N/A,434/2025,N/A,N/A,202020371,0202020371,,Auto-Correção (Omissão de Zero)
1184,N/A,434/2025,N/A,N/A,202020304,0202020304,,Auto-Correção (Omissão de Zero)
1185,N/A,434/2025,N/A,N/A,202010694,0202010694,,Auto-Correção (Omissão de Zero)
1186,N/A,434/2025,N/A,N/A,202010694,0202010694,,Auto-Correção (Omissão de Zero)
1187,N/A,434/2025,N/A,N/A,202010635,0202010635,,Auto-Correção (Omissão de Zero)
1188,N/A,434/2025,N/A,N/A,202010600,0202010600,,Auto-Correção (Omissão de Zero)
1189,N/A,434/2025,N/A,N/A,202010210,0202010210,,Auto-Correção (Omissão de Zero)
1190,N/A,434/2025,N/A,N/A,202010430,0202010430,,Auto-Correção (Omissão de Zero)
1191,N/A,434/2025,N/A,N/A,202010651,0202010651,,Auto-Correção (Omissão de Zero)
1192,N/A,434/2025,N/A,N/A,202010473,0202010473,,Auto-Correção (Omissão de Zero)
1193,N/A,434/2025,N/A,N/A,202010317,0202010317,,Auto-Correção (Omissão de Zero)
1194,N/A,434/2025,N/A,N/A,202030890,0202030890,,Auto-Correção (Omissão de Zero)
1195,N/A,434/2025,N/A,N/A,202030970,0202030970,,Auto-Correção (Omissão de Zero)
1196,N/A,434/2025,N/A,N/A,202030679,0202030679,,Auto-Correção (Omissão de Zero)
1197,N/A,434/2025,N/A,N/A,202020380,0202020380,,Auto-Correção (Omissão de Zero)
1198,N/A,434/2025,N/A,N/A,202010422,0202010422,,Auto-Correção (Omissão de Zero)
1199,N/A,434/2025,N/A,N/A,202010384,0202010384,,Auto-Correção (Omissão de Zero)
1200,N/A,434/2025,N/A,N/A,202060276,0202060276,,Auto-Correção (Omissão de Zero)
1201,N/A,434/2025,N/A,N/A,202010627,0202010627,,Auto-Correção (Omissão de Zero)
1202,N/A,434/2025,N/A,N/A,202010503,0202010503,,Auto-Correção (Omissão de Zero)
1203,N/A,434/2025,N/A,N/A,202010767,0202010767,,Auto-Correção (Omissão de Zero)
1204,N/A,434/2025,N/A,N/A,202030636,0202030636,,Auto-Correção (Omissão de Zero)
1205,N/A,434/2025,N/A,N/A,202030970,0202030970,,Auto-Correção (Omissão de Zero)
1206,N/A,434/2025,N/A,N/A,202030679,0202030679,,Auto-Correção (Omissão de Zero)
1207,N/A,434/2025,N/A,N/A,202010295,0202010295,,Auto-Correção (Omissão de Zero)
1208,N/A,434/2025,N/A,N/A,202010678,0202010678,,Auto-Correção (Omissão de Zero)
1209,N/A,434/2025,N/A,N/A,202070085,0202070085,,Auto-Correção (Omissão de Zero)
1210,N/A,434/2025,N/A,N/A,202010473,0202010473,,Auto-Correção (Omissão de Zero)
1211,N/A,434/2025,N/A,N/A,202060250,0202060250,,Auto-Correção (Omissão de Zero)
1212,N/A,434/2025,N/A,N/A,202060373,0202060373,,Auto-Correção (Omissão de Zero)
1213,N/A,434/2025,N/A,N/A,202030300,0202030300,,Auto-Correção (Omissão de Zero)
1214,N/A,434/2025,N/A,N/A,202080153,0202080153,,Auto-Correção (Omissão de Zero)
1215,N/A,434/2025,N/A,N/A,204030153,0204030153,,Auto-Correção (Omissão de Zero)
1216,N/A,434/2025,N/A,N/A,205020054,0205020054,,Auto-Correção (Omissão de Zero)
1217,N/A,434/2025,N/A,N/A,211020036,0211020036,,Auto-Correção (Omissão de Zero)
1218,N/A,434/2025,N/A,N/A,301010072,0301010072,,Auto-Correção (Omissão de Zero)
1219,N/A,434/2025,N/A,N/A,301010048,0301010048,,Auto-Correção (Omissão de Zero)
1220,N/A,434/2025,N/A,N/A,418010030,0418010030,,Auto-Correção (Omissão de Zero)
1221,N/A,434/2025,N/A,N/A,418010021,0418010021,,Auto-Correção (Omissão de Zero)
1222,N/A,434/2025,N/A,N/A,418010048,0418010048,,Auto-Correção (Omissão de Zero)
1223,N/A,434/2025,N/A,N/A,418010064,0418010064,,Auto-Correção (Omissão de Zero)
1224,N/A,434/2025,N/A,N/A,418020019,0418020019,,Auto-Correção (Omissão de Zero)
1225,N/A,434/2025,N/A,N/A,418020035,0418020035,,Auto-Correção (Omissão de Zero)
1226,N/A,434/2025,N/A,N/A,418020027,0418020027,,Auto-Correção (Omissão de Zero)
1227,N/A,434/2025,N/A,N/A,702100013,0702100013,,Auto-Correção (Omissão de Zero)
1228,N/A,434/2025,N/A,N/A,702100021,0702100021,,Auto-Correção (Omissão de Zero)
1229,N/A,434/2025,N/A,N/A,702100099,0702100099,,Auto-Correção (Omissão de Zero)
1230,N/A,434/2025,N/A,N/A,702100102,0702100102,,Auto-Correção (Omissão de Zero)
1231,N/A,436/2025,N/A,N/A,305010107,0305010107,,Auto-Correção (Omissão de Zero)
1232,N/A,436/2025,N/A,N/A,305010093,0305010093,,Auto-Correção (Omissão de Zero)
1233,N/A,436/2025,N/A,N/A,305010115,0305010115,,Auto-Correção (Omissão de Zero)
1234,N/A,436/2025,N/A,N/A,305010123,0305010123,,Auto-Correção (Omissão de Zero)
1235,N/A,436/2025,N/A,N/A,202020371,0202020371,,Auto-Correção (Omissão de Zero)
1236,N/A,436/2025,N/A,N/A,202020304,0202020304,,Auto-Correção (Omissão de Zero)
1237,N/A,436/2025,N/A,N/A,202010694,0202010694,,Auto-Correção (Omissão de Zero)
1238,N/A,436/2025,N/A,N/A,202010694,0202010694,,Auto-Correção (Omissão de Zero)
1239,N/A,436/2025,N/A,N/A,202010635,0202010635,,Auto-Correção (Omissão de Zero)
1240,N/A,436/2025,N/A,N/A,202010600,0202010600,,Auto-Correção (Omissão de Zero)
1241,N/A,436/2025,N/A,N/A,202010210,0202010210,,Auto-Correção (Omissão de Zero)
1242,N/A,436/2025,N/A,N/A,202010430,0202010430,,Auto-Correção (Omissão de Zero)
1243,N/A,436/2025,N/A,N/A,202010651,0202010651,,Auto-Correção (Omissão de Zero)
1244,N/A,436/2025,N/A,N/A,202010473,0202010473,,Auto-Correção (Omissão de Zero)
1245,N/A,436/2025,N/A,N/A,202010317,0202010317,,Auto-Correção (Omissão de Zero)
1246,N/A,436/2025,N/A,N/A,202030890,0202030890,,Auto-Correção (Omissão de Zero)
1247,N/A,436/2025,N/A,N/A,202030970,0202030970,,Auto-Correção (Omissão de Zero)
1248,N/A,436/2025,N/A,N/A,202030679,0202030679,,Auto-Correção (Omissão de Zero)
1249,N/A,436/2025,N/A,N/A,202020380,0202020380,,Auto-Correção (Omissão de Zero)
1250,N/A,436/2025,N/A,N/A,202010422,0202010422,,Auto-Correção (Omissão de Zero)
1251,N/A,436/2025,N/A,N/A,202010384,0202010384,,Auto-Correção (Omissão de Zero)
1252,N/A,436/2025,N/A,N/A,202060276,0202060276,,Auto-Correção (Omissão de Zero)
1253,N/A,436/2025,N/A,N/A,202010627,0202010627,,Auto-Correção (Omissão de Zero)
1254,N/A,436/2025,N/A,N/A,202010503,0202010503,,Auto-Correção (Omissão de Zero)
1255,N/A,436/2025,N/A,N/A,202010767,0202010767,,Auto-Correção (Omissão de Zero)
1256,N/A,436/2025,N/A,N/A,202030636,0202030636,,Auto-Correção (Omissão de Zero)
1257,N/A,436/2025,N/A,N/A,202030970,0202030970,,Auto-Correção (Omissão de Zero)
1258,N/A,436/2025,N/A,N/A,202030679,0202030679,,Auto-Correção (Omissão de Zero)
1259,N/A,436/2025,N/A,N/A,202010295,0202010295,,Auto-Correção (Omissão de Zero)
1260,N/A,436/2025,N/A,N/A,202010678,0202010678,,Auto-Correção (Omissão de Zero)
1261,N/A,436/2025,N/A,N/A,202070085,0202070085,,Auto-Correção (Omissão de Zero)
1262,N/A,436/2025,N/A,N/A,202010473,0202010473,,Auto-Correção (Omissão de Zero)
1263,N/A,436/2025,N/A,N/A,202060250,0202060250,,Auto-Correção (Omissão de Zero)
1264,N/A,436/2025,N/A,N/A,202060373,0202060373,,Auto-Correção (Omissão de Zero)
1265,N/A,436/2025,N/A,N/A,202030300,0202030300,,Auto-Correção (Omissão de Zero)
1266,N/A,436/2025,N/A,N/A,202080153,0202080153,,Auto-Correção (Omissão de Zero)
1267,N/A,436/2025,N/A,N/A,204030153,0204030153,,Auto-Correção (Omissão de Zero)
1268,N/A,436/2025,N/A,N/A,205020054,0205020054,,Auto-Correção (Omissão de Zero)
1269,N/A,436/2025,N/A,N/A,211020036,0211020036,,Auto-Correção (Omissão de Zero)
1270,N/A,436/2025,N/A,N/A,301010072,0301010072,,Auto-Correção (Omissão de Zero)
1271,N/A,436/2025,N/A,N/A,301010048,0301010048,,Auto-Correção (Omissão de Zero)
1272,N/A,436/2025,N/A,N/A,418010030,0418010030,,Auto-Correção (Omissão de Zero)
1273,N/A,436/2025,N/A,N/A,418010021,0418010021,,Auto-Correção (Omissão de Zero)
1274,N/A,436/2025,N/A,N/A,418010048,0418010048,,Auto-Correção (Omissão de Zero)
1275,N/A,436/2025,N/A,N/A,418010064,0418010064,,Auto-Correção (Omissão de Zero)
1276,N/A,436/2025,N/A,N/A,418020019,0418020019,,Auto-Correção (Omissão de Zero)
1277,N/A,436/2025,N/A,N/A,418020035,0418020035,,Auto-Correção (Omissão de Zero)
1278,N/A,436/2025,N/A,N/A,418020027,0418020027,,Auto-Correção (Omissão de Zero)
1279,N/A,436/2025,N/A,N/A,702100013,0702100013,,Auto-Correção (Omissão de Zero)
1280,N/A,436/2025,N/A,N/A,702100021,0702100021,,Auto-Correção (Omissão de Zero)
1281,N/A,436/2025,N/A,N/A,702100099,0702100099,,Auto-Correção (Omissão de Zero)
1282,N/A,436/2025,N/A,N/A,702100102,0702100102,,Auto-Correção (Omissão de Zero)
1283,N/A,347/2026,N/A,N/A,202010023,0202010023,,Auto-Correção (Omissão de Zero)
1284,N/A,347/2026,N/A,N/A,202010040,0202010040,,Auto-Correção (Omissão de Zero)
1285,N/A,347/2026,N/A,N/A,202010082,0202010082,,Auto-Correção (Omissão de Zero)
1286,N/A,347/2026,N/A,N/A,202010120,0202010120,,Auto-Correção (Omissão de Zero)
1287,N/A,347/2026,N/A,N/A,202010139,0202010139,,Auto-Correção (Omissão de Zero)
1288,N/A,347/2026,N/A,N/A,202010163,0202010163,,Auto-Correção (Omissão de Zero)
1289,N/A,347/2026,N/A,N/A,202010180,0202010180,,Auto-Correção (Omissão de Zero)
1290,N/A,347/2026,N/A,N/A,202010201,0202010201,,Auto-Correção (Omissão de Zero)
1291,N/A,347/2026,N/A,N/A,202010210,0202010210,,Auto-Correção (Omissão de Zero)
1292,N/A,347/2026,N/A,N/A,202010228,0202010228,,Auto-Correção (Omissão de Zero)
1293,N/A,347/2026,N/A,N/A,202010260,0202010260,,Auto-Correção (Omissão de Zero)
1294,N/A,347/2026,N/A,N/A,202010279,0202010279,,Auto-Correção (Omissão de Zero)
1295,N/A,347/2026,N/A,N/A,202010287,0202010287,,Auto-Correção (Omissão de Zero)
1296,N/A,347/2026,N/A,N/A,202010295,0202010295,,Auto-Correção (Omissão de Zero)
1297,N/A,347/2026,N/A,N/A,202010317,0202010317,,Auto-Correção (Omissão de Zero)
1298,N/A,347/2026,N/A,N/A,202010325,0202010325,,Auto-Correção (Omissão de Zero)
1299,N/A,347/2026,N/A,N/A,202010333,0202010333,,Auto-Correção (Omissão de Zero)
1300,N/A,347/2026,N/A,N/A,202010368,0202010368,,Auto-Correção (Omissão de Zero)
1301,N/A,347/2026,N/A,N/A,202010384,0202010384,,Auto-Correção (Omissão de Zero)
1302,N/A,347/2026,N/A,N/A,202010392,0202010392,,Auto-Correção (Omissão de Zero)
1303,N/A,347/2026,N/A,N/A,202010406,0202010406,,Auto-Correção (Omissão de Zero)
1304,N/A,347/2026,N/A,N/A,202010414,0202010414,,Auto-Correção (Omissão de Zero)
1305,N/A,347/2026,N/A,N/A,202010422,0202010422,,Auto-Correção (Omissão de Zero)
1306,N/A,347/2026,N/A,N/A,202010430,0202010430,,Auto-Correção (Omissão de Zero)
1307,N/A,347/2026,N/A,N/A,202010465,0202010465,,Auto-Correção (Omissão de Zero)
1308,N/A,347/2026,N/A,N/A,202010473,0202010473,,Auto-Correção (Omissão de Zero)
1309,N/A,347/2026,N/A,N/A,202010503,0202010503,,Auto-Correção (Omissão de Zero)
1310,N/A,347/2026,N/A,N/A,202010554,0202010554,,Auto-Correção (Omissão de Zero)
1311,N/A,347/2026,N/A,N/A,202010562,0202010562,,Auto-Correção (Omissão de Zero)
1312,N/A,347/2026,N/A,N/A,202010570,0202010570,,Auto-Correção (Omissão de Zero)
1313,N/A,347/2026,N/A,N/A,202010600,0202010600,,Auto-Correção (Omissão de Zero)
1314,N/A,347/2026,N/A,N/A,202010619,0202010619,,Auto-Correção (Omissão de Zero)
1315,N/A,347/2026,N/A,N/A,202010627,0202010627,,Auto-Correção (Omissão de Zero)
1316,N/A,347/2026,N/A,N/A,202010635,0202010635,,Auto-Correção (Omissão de Zero)
1317,N/A,347/2026,N/A,N/A,202010643,0202010643,,Auto-Correção (Omissão de Zero)
1318,N/A,347/2026,N/A,N/A,202010651,0202010651,,Auto-Correção (Omissão de Zero)
1319,N/A,347/2026,N/A,N/A,202010660,0202010660,,Auto-Correção (Omissão de Zero)
1320,N/A,347/2026,N/A,N/A,202010678,0202010678,,Auto-Correção (Omissão de Zero)
1321,N/A,347/2026,N/A,N/A,202010694,0202010694,,Auto-Correção (Omissão de Zero)
1322,N/A,347/2026,N/A,N/A,202010708,0202010708,,Auto-Correção (Omissão de Zero)
1323,N/A,347/2026,N/A,N/A,202010724,0202010724,,Auto-Correção (Omissão de Zero)
1324,N/A,347/2026,N/A,N/A,202010767,0202010767,,Auto-Correção (Omissão de Zero)
1325,N/A,347/2026,N/A,N/A,202020029,0202020029,,Auto-Correção (Omissão de Zero)
1326,N/A,347/2026,N/A,N/A,202020037,0202020037,,Auto-Correção (Omissão de Zero)
1327,N/A,347/2026,N/A,N/A,202020070,0202020070,,Auto-Correção (Omissão de Zero)
1328,N/A,347/2026,N/A,N/A,202020096,0202020096,,Auto-Correção (Omissão de Zero)
1329,N/A,347/2026,N/A,N/A,202020134,0202020134,,Auto-Correção (Omissão de Zero)
1330,N/A,347/2026,N/A,N/A,202020142,0202020142,,Auto-Correção (Omissão de Zero)
1331,N/A,347/2026,N/A,N/A,202020150,0202020150,,Auto-Correção (Omissão de Zero)
1332,N/A,347/2026,N/A,N/A,202020290,0202020290,,Auto-Correção (Omissão de Zero)
1333,N/A,347/2026,N/A,N/A,202020355,0202020355,,Auto-Correção (Omissão de Zero)
1334,N/A,347/2026,N/A,N/A,202020363,0202020363,,Auto-Correção (Omissão de Zero)
1335,N/A,347/2026,N/A,N/A,202020371,0202020371,,Auto-Correção (Omissão de Zero)
1336,N/A,347/2026,N/A,N/A,202020380,0202020380,,Auto-Correção (Omissão de Zero)
1337,N/A,347/2026,N/A,N/A,202020398,0202020398,,Auto-Correção (Omissão de Zero)
1338,N/A,347/2026,N/A,N/A,202020410,0202020410,,Auto-Correção (Omissão de Zero)
1339,N/A,347/2026,N/A,N/A,202020444,0202020444,,Auto-Correção (Omissão de Zero)
1340,N/A,347/2026,N/A,N/A,202020525,0202020525,,Auto-Correção (Omissão de Zero)
1341,N/A,347/2026,N/A,N/A,202020541,0202020541,,Auto-Correção (Omissão de Zero)
1342,N/A,347/2026,N/A,N/A,202030067,0202030067,,Auto-Correção (Omissão de Zero)
1343,N/A,347/2026,N/A,N/A,202030075,0202030075,,Auto-Correção (Omissão de Zero)
1344,N/A,347/2026,N/A,N/A,202030083,0202030083,,Auto-Correção (Omissão de Zero)
1345,N/A,347/2026,N/A,N/A,202030091,0202030091,,Auto-Correção (Omissão de Zero)
1346,N/A,347/2026,N/A,N/A,202030105,0202030105,,Auto-Correção (Omissão de Zero)
1347,N/A,347/2026,N/A,N/A,202030121,0202030121,,Auto-Correção (Omissão de Zero)
1348,N/A,347/2026,N/A,N/A,202030130,0202030130,,Auto-Correção (Omissão de Zero)
1349,N/A,347/2026,N/A,N/A,202030156,0202030156,,Auto-Correção (Omissão de Zero)
1350,N/A,347/2026,N/A,N/A,202030164,0202030164,,Auto-Correção (Omissão de Zero)
1351,N/A,347/2026,N/A,N/A,202030180,0202030180,,Auto-Correção (Omissão de Zero)
1352,N/A,347/2026,N/A,N/A,202030229,0202030229,,Auto-Correção (Omissão de Zero)
1353,N/A,347/2026,N/A,N/A,202030253,0202030253,,Auto-Correção (Omissão de Zero)
1354,N/A,347/2026,N/A,N/A,202030261,0202030261,,Auto-Correção (Omissão de Zero)
1355,N/A,347/2026,N/A,N/A,202030270,0202030270,,Auto-Correção (Omissão de Zero)
1356,N/A,347/2026,N/A,N/A,202030296,0202030296,,Auto-Correção (Omissão de Zero)
1357,N/A,347/2026,N/A,N/A,202031500,0202031500,,Auto-Correção (Omissão de Zero)
1358,N/A,347/2026,N/A,N/A,202031519,0202031519,,Auto-Correção (Omissão de Zero)
1359,N/A,347/2026,N/A,N/A,202031527,0202031527,,Auto-Correção (Omissão de Zero)
1360,N/A,347/2026,N/A,N/A,202030326,0202030326,,Auto-Correção (Omissão de Zero)
1361,N/A,347/2026,N/A,N/A,202030342,0202030342,,Auto-Correção (Omissão de Zero)
1362,N/A,347/2026,N/A,N/A,202030350,0202030350,,Auto-Correção (Omissão de Zero)
1363,N/A,347/2026,N/A,N/A,202030369,0202030369,,Auto-Correção (Omissão de Zero)
1364,N/A,347/2026,N/A,N/A,202030466,0202030466,,Auto-Correção (Omissão de Zero)
1365,N/A,347/2026,N/A,N/A,202030474,0202030474,,Auto-Correção (Omissão de Zero)
1366,N/A,347/2026,N/A,N/A,202030555,0202030555,,Auto-Correção (Omissão de Zero)
1367,N/A,347/2026,N/A,N/A,202030580,0202030580,,Auto-Correção (Omissão de Zero)
1368,N/A,347/2026,N/A,N/A,202030598,0202030598,,Auto-Correção (Omissão de Zero)
1369,N/A,347/2026,N/A,N/A,202030628,0202030628,,Auto-Correção (Omissão de Zero)
1370,N/A,347/2026,N/A,N/A,202030636,0202030636,,Auto-Correção (Omissão de Zero)
1371,N/A,347/2026,N/A,N/A,202030644,0202030644,,Auto-Correção (Omissão de Zero)
1372,N/A,347/2026,N/A,N/A,202031470,0202031470,,Auto-Correção (Omissão de Zero)
1373,N/A,347/2026,N/A,N/A,202031489,0202031489,,Auto-Correção (Omissão de Zero)
1374,N/A,347/2026,N/A,N/A,202031497,0202031497,,Auto-Correção (Omissão de Zero)
1375,N/A,347/2026,N/A,N/A,202030741,0202030741,,Auto-Correção (Omissão de Zero)
1376,N/A,347/2026,N/A,N/A,202030768,0202030768,,Auto-Correção (Omissão de Zero)
1377,N/A,347/2026,N/A,N/A,202030784,0202030784,,Auto-Correção (Omissão de Zero)
1378,N/A,347/2026,N/A,N/A,202030806,0202030806,,Auto-Correção (Omissão de Zero)
1379,N/A,347/2026,N/A,N/A,202030814,0202030814,,Auto-Correção (Omissão de Zero)
1380,N/A,347/2026,N/A,N/A,202030822,0202030822,,Auto-Correção (Omissão de Zero)
1381,N/A,347/2026,N/A,N/A,202030849,0202030849,,Auto-Correção (Omissão de Zero)
1382,N/A,347/2026,N/A,N/A,202030857,0202030857,,Auto-Correção (Omissão de Zero)
1383,N/A,347/2026,N/A,N/A,202030873,0202030873,,Auto-Correção (Omissão de Zero)
1384,N/A,347/2026,N/A,N/A,202030890,0202030890,,Auto-Correção (Omissão de Zero)
1385,N/A,347/2026,N/A,N/A,202030911,0202030911,,Auto-Correção (Omissão de Zero)
1386,N/A,347/2026,N/A,N/A,202030920,0202030920,,Auto-Correção (Omissão de Zero)
1387,N/A,347/2026,N/A,N/A,202030938,0202030938,,Auto-Correção (Omissão de Zero)
1388,N/A,347/2026,N/A,N/A,202030954,0202030954,,Auto-Correção (Omissão de Zero)
1389,N/A,347/2026,N/A,N/A,202030962,0202030962,,Auto-Correção (Omissão de Zero)
1390,N/A,347/2026,N/A,N/A,202031446,0202031446,,Auto-Correção (Omissão de Zero)
1391,N/A,347/2026,N/A,N/A,202031454,0202031454,,Auto-Correção (Omissão de Zero)
1392,N/A,347/2026,N/A,N/A,202031462,0202031462,,Auto-Correção (Omissão de Zero)
1393,N/A,347/2026,N/A,N/A,202030989,0202030989,,Auto-Correção (Omissão de Zero)
1394,N/A,347/2026,N/A,N/A,202031039,0202031039,,Auto-Correção (Omissão de Zero)
1395,N/A,347/2026,N/A,N/A,202031110,0202031110,,Auto-Correção (Omissão de Zero)
1396,N/A,347/2026,N/A,N/A,202031179,0202031179,,Auto-Correção (Omissão de Zero)
1397,N/A,347/2026,N/A,N/A,202031187,0202031187,,Auto-Correção (Omissão de Zero)
1398,N/A,347/2026,N/A,N/A,202031209,0202031209,,Auto-Correção (Omissão de Zero)
1399,N/A,347/2026,N/A,N/A,202040038,0202040038,,Auto-Correção (Omissão de Zero)
1400,N/A,347/2026,N/A,N/A,202040070,0202040070,,Auto-Correção (Omissão de Zero)
1401,N/A,347/2026,N/A,N/A,202040089,0202040089,,Auto-Correção (Omissão de Zero)
1402,N/A,347/2026,N/A,N/A,202040097,0202040097,,Auto-Correção (Omissão de Zero)
1403,N/A,347/2026,N/A,N/A,202040100,0202040100,,Auto-Correção (Omissão de Zero)
1404,N/A,347/2026,N/A,N/A,202040127,0202040127,,Auto-Correção (Omissão de Zero)
1405,N/A,347/2026,N/A,N/A,202040135,0202040135,,Auto-Correção (Omissão de Zero)
1406,N/A,347/2026,N/A,N/A,202040143,0202040143,,Auto-Correção (Omissão de Zero)
1407,N/A,347/2026,N/A,N/A,202040151,0202040151,,Auto-Correção (Omissão de Zero)
1408,N/A,347/2026,N/A,N/A,202050017,0202050017,,Auto-Correção (Omissão de Zero)
1409,N/A,347/2026,N/A,N/A,202050025,0202050025,,Auto-Correção (Omissão de Zero)
1410,N/A,347/2026,N/A,N/A,202050033,0202050033,,Auto-Correção (Omissão de Zero)
1411,N/A,347/2026,N/A,N/A,202050041,0202050041,,Auto-Correção (Omissão de Zero)
1412,N/A,347/2026,N/A,N/A,202050092,0202050092,,Auto-Correção (Omissão de Zero)
1413,N/A,347/2026,N/A,N/A,202050114,0202050114,,Auto-Correção (Omissão de Zero)
1414,N/A,347/2026,N/A,N/A,202060047,0202060047,,Auto-Correção (Omissão de Zero)
1415,N/A,347/2026,N/A,N/A,202060110,0202060110,,Auto-Correção (Omissão de Zero)
1416,N/A,347/2026,N/A,N/A,202060136,0202060136,,Auto-Correção (Omissão de Zero)
1417,N/A,347/2026,N/A,N/A,202060144,0202060144,,Auto-Correção (Omissão de Zero)
1418,N/A,347/2026,N/A,N/A,202060152,0202060152,,Auto-Correção (Omissão de Zero)
1419,N/A,347/2026,N/A,N/A,202060160,0202060160,,Auto-Correção (Omissão de Zero)
1420,N/A,347/2026,N/A,N/A,202060187,0202060187,,Auto-Correção (Omissão de Zero)
1421,N/A,347/2026,N/A,N/A,202060217,0202060217,,Auto-Correção (Omissão de Zero)
1422,N/A,347/2026,N/A,N/A,202060225,0202060225,,Auto-Correção (Omissão de Zero)
1423,N/A,347/2026,N/A,N/A,202060233,0202060233,,Auto-Correção (Omissão de Zero)
1424,N/A,347/2026,N/A,N/A,202060241,0202060241,,Auto-Correção (Omissão de Zero)
1425,N/A,347/2026,N/A,N/A,202060250,0202060250,,Auto-Correção (Omissão de Zero)
1426,N/A,347/2026,N/A,N/A,202060268,0202060268,,Auto-Correção (Omissão de Zero)
1427,N/A,347/2026,N/A,N/A,202060276,0202060276,,Auto-Correção (Omissão de Zero)
1428,N/A,347/2026,N/A,N/A,202060292,0202060292,,Auto-Correção (Omissão de Zero)
1429,N/A,347/2026,N/A,N/A,202060306,0202060306,,Auto-Correção (Omissão de Zero)
1430,N/A,347/2026,N/A,N/A,202060322,0202060322,,Auto-Correção (Omissão de Zero)
1431,N/A,347/2026,N/A,N/A,202060330,0202060330,,Auto-Correção (Omissão de Zero)
1432,N/A,347/2026,N/A,N/A,202060349,0202060349,,Auto-Correção (Omissão de Zero)
1433,N/A,347/2026,N/A,N/A,202060357,0202060357,,Auto-Correção (Omissão de Zero)
1434,N/A,347/2026,N/A,N/A,202060365,0202060365,,Auto-Correção (Omissão de Zero)
1435,N/A,347/2026,N/A,N/A,202060373,0202060373,,Auto-Correção (Omissão de Zero)
1436,N/A,347/2026,N/A,N/A,202060381,0202060381,,Auto-Correção (Omissão de Zero)
1437,N/A,347/2026,N/A,N/A,202060390,0202060390,,Auto-Correção (Omissão de Zero)
1438,N/A,347/2026,N/A,N/A,202070050,0202070050,,Auto-Correção (Omissão de Zero)
1439,N/A,347/2026,N/A,N/A,202070158,0202070158,,Auto-Correção (Omissão de Zero)
1440,N/A,347/2026,N/A,N/A,202070352,0202070352,,Auto-Correção (Omissão de Zero)
1441,N/A,347/2026,N/A,N/A,202080013,0202080013,,Auto-Correção (Omissão de Zero)
1442,N/A,347/2026,N/A,N/A,202080072,0202080072,,Auto-Correção (Omissão de Zero)
1443,N/A,347/2026,N/A,N/A,202080080,0202080080,,Auto-Correção (Omissão de Zero)
1444,N/A,347/2026,N/A,N/A,202080110,0202080110,,Auto-Correção (Omissão de Zero)
1445,N/A,347/2026,N/A,N/A,202080129,0202080129,,Auto-Correção (Omissão de Zero)
1446,N/A,347/2026,N/A,N/A,202080137,0202080137,,Auto-Correção (Omissão de Zero)
1447,N/A,347/2026,N/A,N/A,202080145,0202080145,,Auto-Correção (Omissão de Zero)
1448,N/A,347/2026,N/A,N/A,202120023,0202120023,,Auto-Correção (Omissão de Zero)
1449,N/A,347/2026,N/A,N/A,202120082,0202120082,,Auto-Correção (Omissão de Zero)
1450,N/A,347/2026,N/A,N/A,202120090,0202120090,,Auto-Correção (Omissão de Zero)
1451,N/A,347/2026,N/A,N/A,202030318,0202030318,,Auto-Correção (Omissão de Zero)
1452,N/A,348/2026,N/A,N/A,202010023,0202010023,,Auto-Correção (Omissão de Zero)
1453,N/A,348/2026,N/A,N/A,202010040,0202010040,,Auto-Correção (Omissão de Zero)
1454,N/A,348/2026,N/A,N/A,202010082,0202010082,,Auto-Correção (Omissão de Zero)
1455,N/A,348/2026,N/A,N/A,202010120,0202010120,,Auto-Correção (Omissão de Zero)
1456,N/A,348/2026,N/A,N/A,202010139,0202010139,,Auto-Correção (Omissão de Zero)
1457,N/A,348/2026,N/A,N/A,202010163,0202010163,,Auto-Correção (Omissão de Zero)
1458,N/A,348/2026,N/A,N/A,202010180,0202010180,,Auto-Correção (Omissão de Zero)
1459,N/A,348/2026,N/A,N/A,202010201,0202010201,,Auto-Correção (Omissão de Zero)
1460,N/A,348/2026,N/A,N/A,202010210,0202010210,,Auto-Correção (Omissão de Zero)
1461,N/A,348/2026,N/A,N/A,202010228,0202010228,,Auto-Correção (Omissão de Zero)
1462,N/A,348/2026,N/A,N/A,202010260,0202010260,,Auto-Correção (Omissão de Zero)
1463,N/A,348/2026,N/A,N/A,202010279,0202010279,,Auto-Correção (Omissão de Zero)
1464,N/A,348/2026,N/A,N/A,202010287,0202010287,,Auto-Correção (Omissão de Zero)
1465,N/A,348/2026,N/A,N/A,202010295,0202010295,,Auto-Correção (Omissão de Zero)
1466,N/A,348/2026,N/A,N/A,202010317,0202010317,,Auto-Correção (Omissão de Zero)
1467,N/A,348/2026,N/A,N/A,202010325,0202010325,,Auto-Correção (Omissão de Zero)
1468,N/A,348/2026,N/A,N/A,202010333,0202010333,,Auto-Correção (Omissão de Zero)
1469,N/A,348/2026,N/A,N/A,202010368,0202010368,,Auto-Correção (Omissão de Zero)
1470,N/A,348/2026,N/A,N/A,202010384,0202010384,,Auto-Correção (Omissão de Zero)
1471,N/A,348/2026,N/A,N/A,202010392,0202010392,,Auto-Correção (Omissão de Zero)
1472,N/A,348/2026,N/A,N/A,202010406,0202010406,,Auto-Correção (Omissão de Zero)
1473,N/A,348/2026,N/A,N/A,202010414,0202010414,,Auto-Correção (Omissão de Zero)
1474,N/A,348/2026,N/A,N/A,202010422,0202010422,,Auto-Correção (Omissão de Zero)
1475,N/A,348/2026,N/A,N/A,202010430,0202010430,,Auto-Correção (Omissão de Zero)
1476,N/A,348/2026,N/A,N/A,202010465,0202010465,,Auto-Correção (Omissão de Zero)
1477,N/A,348/2026,N/A,N/A,202010473,0202010473,,Auto-Correção (Omissão de Zero)
1478,N/A,348/2026,N/A,N/A,202010503,0202010503,,Auto-Correção (Omissão de Zero)
1479,N/A,348/2026,N/A,N/A,202010554,0202010554,,Auto-Correção (Omissão de Zero)
1480,N/A,348/2026,N/A,N/A,202010562,0202010562,,Auto-Correção (Omissão de Zero)
1481,N/A,348/2026,N/A,N/A,202010570,0202010570,,Auto-Correção (Omissão de Zero)
1482,N/A,348/2026,N/A,N/A,202010600,0202010600,,Auto-Correção (Omissão de Zero)
1483,N/A,348/2026,N/A,N/A,202010619,0202010619,,Auto-Correção (Omissão de Zero)
1484,N/A,348/2026,N/A,N/A,202010627,0202010627,,Auto-Correção (Omissão de Zero)
1485,N/A,348/2026,N/A,N/A,202010635,0202010635,,Auto-Correção (Omissão de Zero)
1486,N/A,348/2026,N/A,N/A,202010643,0202010643,,Auto-Correção (Omissão de Zero)
1487,N/A,348/2026,N/A,N/A,202010651,0202010651,,Auto-Correção (Omissão de Zero)
1488,N/A,348/2026,N/A,N/A,202010660,0202010660,,Auto-Correção (Omissão de Zero)
1489,N/A,348/2026,N/A,N/A,202010678,0202010678,,Auto-Correção (Omissão de Zero)
1490,N/A,348/2026,N/A,N/A,202010694,0202010694,,Auto-Correção (Omissão de Zero)
1491,N/A,348/2026,N/A,N/A,202010708,0202010708,,Auto-Correção (Omissão de Zero)
1492,N/A,348/2026,N/A,N/A,202010724,0202010724,,Auto-Correção (Omissão de Zero)
1493,N/A,348/2026,N/A,N/A,202010767,0202010767,,Auto-Correção (Omissão de Zero)
1494,N/A,348/2026,N/A,N/A,202020029,0202020029,,Auto-Correção (Omissão de Zero)
1495,N/A,348/2026,N/A,N/A,202020037,0202020037,,Auto-Correção (Omissão de Zero)
1496,N/A,348/2026,N/A,N/A,202020070,0202020070,,Auto-Correção (Omissão de Zero)
1497,N/A,348/2026,N/A,N/A,202020096,0202020096,,Auto-Correção (Omissão de Zero)
1498,N/A,348/2026,N/A,N/A,202020134,0202020134,,Auto-Correção (Omissão de Zero)
1499,N/A,348/2026,N/A,N/A,202020142,0202020142,,Auto-Correção (Omissão de Zero)
1500,N/A,348/2026,N/A,N/A,202020150,0202020150,,Auto-Correção (Omissão de Zero)
1501,N/A,348/2026,N/A,N/A,202020290,0202020290,,Auto-Correção (Omissão de Zero)
1502,N/A,348/2026,N/A,N/A,202020355,0202020355,,Auto-Correção (Omissão de Zero)
1503,N/A,348/2026,N/A,N/A,202020363,0202020363,,Auto-Correção (Omissão de Zero)
1504,N/A,348/2026,N/A,N/A,202020371,0202020371,,Auto-Correção (Omissão de Zero)
1505,N/A,348/2026,N/A,N/A,202020380,0202020380,,Auto-Correção (Omissão de Zero)
1506,N/A,348/2026,N/A,N/A,202020398,0202020398,,Auto-Correção (Omissão de Zero)
1507,N/A,348/2026,N/A,N/A,202020410,0202020410,,Auto-Correção (Omissão de Zero)
1508,N/A,348/2026,N/A,N/A,202020444,0202020444,,Auto-Correção (Omissão de Zero)
1509,N/A,348/2026,N/A,N/A,202020525,0202020525,,Auto-Correção (Omissão de Zero)
1510,N/A,348/2026,N/A,N/A,202020541,0202020541,,Auto-Correção (Omissão de Zero)
1511,N/A,348/2026,N/A,N/A,202030067,0202030067,,Auto-Correção (Omissão de Zero)
1512,N/A,348/2026,N/A,N/A,202030075,0202030075,,Auto-Correção (Omissão de Zero)
1513,N/A,348/2026,N/A,N/A,202030083,0202030083,,Auto-Correção (Omissão de Zero)
1514,N/A,348/2026,N/A,N/A,202030091,0202030091,,Auto-Correção (Omissão de Zero)
1515,N/A,348/2026,N/A,N/A,202030105,0202030105,,Auto-Correção (Omissão de Zero)
1516,N/A,348/2026,N/A,N/A,202030121,0202030121,,Auto-Correção (Omissão de Zero)
1517,N/A,348/2026,N/A,N/A,202030130,0202030130,,Auto-Correção (Omissão de Zero)
1518,N/A,348/2026,N/A,N/A,202030156,0202030156,,Auto-Correção (Omissão de Zero)
1519,N/A,348/2026,N/A,N/A,202030164,0202030164,,Auto-Correção (Omissão de Zero)
1520,N/A,348/2026,N/A,N/A,202030180,0202030180,,Auto-Correção (Omissão de Zero)
1521,N/A,348/2026,N/A,N/A,202030229,0202030229,,Auto-Correção (Omissão de Zero)
1522,N/A,348/2026,N/A,N/A,202030253,0202030253,,Auto-Correção (Omissão de Zero)
1523,N/A,348/2026,N/A,N/A,202030261,0202030261,,Auto-Correção (Omissão de Zero)
1524,N/A,348/2026,N/A,N/A,202030270,0202030270,,Auto-Correção (Omissão de Zero)
1525,N/A,348/2026,N/A,N/A,202030296,0202030296,,Auto-Correção (Omissão de Zero)
1526,N/A,348/2026,N/A,N/A,202031500,0202031500,,Auto-Correção (Omissão de Zero)
1527,N/A,348/2026,N/A,N/A,202031519,0202031519,,Auto-Correção (Omissão de Zero)
1528,N/A,348/2026,N/A,N/A,202031527,0202031527,,Auto-Correção (Omissão de Zero)
1529,N/A,348/2026,N/A,N/A,202030326,0202030326,,Auto-Correção (Omissão de Zero)
1530,N/A,348/2026,N/A,N/A,202030342,0202030342,,Auto-Correção (Omissão de Zero)
1531,N/A,348/2026,N/A,N/A,202030350,0202030350,,Auto-Correção (Omissão de Zero)
1532,N/A,348/2026,N/A,N/A,202030369,0202030369,,Auto-Correção (Omissão de Zero)
1533,N/A,348/2026,N/A,N/A,202030466,0202030466,,Auto-Correção (Omissão de Zero)
1534,N/A,348/2026,N/A,N/A,202030474,0202030474,,Auto-Correção (Omissão de Zero)
1535,N/A,348/2026,N/A,N/A,202030555,0202030555,,Auto-Correção (Omissão de Zero)
1536,N/A,348/2026,N/A,N/A,202030580,0202030580,,Auto-Correção (Omissão de Zero)
1537,N/A,348/2026,N/A,N/A,202030598,0202030598,,Auto-Correção (Omissão de Zero)
1538,N/A,348/2026,N/A,N/A,202030628,0202030628,,Auto-Correção (Omissão de Zero)
1539,N/A,348/2026,N/A,N/A,202030636,0202030636,,Auto-Correção (Omissão de Zero)
1540,N/A,348/2026,N/A,N/A,202030644,0202030644,,Auto-Correção (Omissão de Zero)
1541,N/A,348/2026,N/A,N/A,202031470,0202031470,,Auto-Correção (Omissão de Zero)
1542,N/A,348/2026,N/A,N/A,202031489,0202031489,,Auto-Correção (Omissão de Zero)
1543,N/A,348/2026,N/A,N/A,202031497,0202031497,,Auto-Correção (Omissão de Zero)
1544,N/A,348/2026,N/A,N/A,202030741,0202030741,,Auto-Correção (Omissão de Zero)
1545,N/A,348/2026,N/A,N/A,202030768,0202030768,,Auto-Correção (Omissão de Zero)
1546,N/A,348/2026,N/A,N/A,202030784,0202030784,,Auto-Correção (Omissão de Zero)
1547,N/A,348/2026,N/A,N/A,202030806,0202030806,,Auto-Correção (Omissão de Zero)
1548,N/A,348/2026,N/A,N/A,202030814,0202030814,,Auto-Correção (Omissão de Zero)
1549,N/A,348/2026,N/A,N/A,202030822,0202030822,,Auto-Correção (Omissão de Zero)
1550,N/A,348/2026,N/A,N/A,202030849,0202030849,,Auto-Correção (Omissão de Zero)
1551,N/A,348/2026,N/A,N/A,202030857,0202030857,,Auto-Correção (Omissão de Zero)
1552,N/A,348/2026,N/A,N/A,202030873,0202030873,,Auto-Correção (Omissão de Zero)
1553,N/A,348/2026,N/A,N/A,202030890,0202030890,,Auto-Correção (Omissão de Zero)
1554,N/A,348/2026,N/A,N/A,202030911,0202030911,,Auto-Correção (Omissão de Zero)
1555,N/A,348/2026,N/A,N/A,202030920,0202030920,,Auto-Correção (Omissão de Zero)
1556,N/A,348/2026,N/A,N/A,202030938,0202030938,,Auto-Correção (Omissão de Zero)
1557,N/A,348/2026,N/A,N/A,202030954,0202030954,,Auto-Correção (Omissão de Zero)
1558,N/A,348/2026,N/A,N/A,202030962,0202030962,,Auto-Correção (Omissão de Zero)
1559,N/A,348/2026,N/A,N/A,202031446,0202031446,,Auto-Correção (Omissão de Zero)
1560,N/A,348/2026,N/A,N/A,202031454,0202031454,,Auto-Correção (Omissão de Zero)
1561,N/A,348/2026,N/A,N/A,202031462,0202031462,,Auto-Correção (Omissão de Zero)
1562,N/A,348/2026,N/A,N/A,202030989,0202030989,,Auto-Correção (Omissão de Zero)
1563,N/A,348/2026,N/A,N/A,202031039,0202031039,,Auto-Correção (Omissão de Zero)
1564,N/A,348/2026,N/A,N/A,202031110,0202031110,,Auto-Correção (Omissão de Zero)
1565,N/A,348/2026,N/A,N/A,202031179,0202031179,,Auto-Correção (Omissão de Zero)
1566,N/A,348/2026,N/A,N/A,202031187,0202031187,,Auto-Correção (Omissão de Zero)
1567,N/A,348/2026,N/A,N/A,202031209,0202031209,,Auto-Correção (Omissão de Zero)
1568,N/A,348/2026,N/A,N/A,202040038,0202040038,,Auto-Correção (Omissão de Zero)
1569,N/A,348/2026,N/A,N/A,202040070,0202040070,,Auto-Correção (Omissão de Zero)
1570,N/A,348/2026,N/A,N/A,202040089,0202040089,,Auto-Correção (Omissão de Zero)
1571,N/A,348/2026,N/A,N/A,202040097,0202040097,,Auto-Correção (Omissão de Zero)
1572,N/A,348/2026,N/A,N/A,202040100,0202040100,,Auto-Correção (Omissão de Zero)
1573,N/A,348/2026,N/A,N/A,202040127,0202040127,,Auto-Correção (Omissão de Zero)
1574,N/A,348/2026,N/A,N/A,202040135,0202040135,,Auto-Correção (Omissão de Zero)
1575,N/A,348/2026,N/A,N/A,202040143,0202040143,,Auto-Correção (Omissão de Zero)
1576,N/A,348/2026,N/A,N/A,202040151,0202040151,,Auto-Correção (Omissão de Zero)
1577,N/A,348/2026,N/A,N/A,202050017,0202050017,,Auto-Correção (Omissão de Zero)
1578,N/A,348/2026,N/A,N/A,202050025,0202050025,,Auto-Correção (Omissão de Zero)
1579,N/A,348/2026,N/A,N/A,202050033,0202050033,,Auto-Correção (Omissão de Zero)
1580,N/A,348/2026,N/A,N/A,202050041,0202050041,,Auto-Correção (Omissão de Zero)
1581,N/A,348/2026,N/A,N/A,202050092,0202050092,,Auto-Correção (Omissão de Zero)
1582,N/A,348/2026,N/A,N/A,202050114,0202050114,,Auto-Correção (Omissão de Zero)
1583,N/A,348/2026,N/A,N/A,202060047,0202060047,,Auto-Correção (Omissão de Zero)
1584,N/A,348/2026,N/A,N/A,202060110,0202060110,,Auto-Correção (Omissão de Zero)
1585,N/A,348/2026,N/A,N/A,202060136,0202060136,,Auto-Correção (Omissão de Zero)
1586,N/A,348/2026,N/A,N/A,202060144,0202060144,,Auto-Correção (Omissão de Zero)
1587,N/A,348/2026,N/A,N/A,202060152,0202060152,,Auto-Correção (Omissão de Zero)
1588,N/A,348/2026,N/A,N/A,202060160,0202060160,,Auto-Correção (Omissão de Zero)
1589,N/A,348/2026,N/A,N/A,202060187,0202060187,,Auto-Correção (Omissão de Zero)
1590,N/A,348/2026,N/A,N/A,202060217,0202060217,,Auto-Correção (Omissão de Zero)
1591,N/A,348/2026,N/A,N/A,202060225,0202060225,,Auto-Correção (Omissão de Zero)
1592,N/A,348/2026,N/A,N/A,202060233,0202060233,,Auto-Correção (Omissão de Zero)
1593,N/A,348/2026,N/A,N/A,202060241,0202060241,,Auto-Correção (Omissão de Zero)
1594,N/A,348/2026,N/A,N/A,202060250,0202060250,,Auto-Correção (Omissão de Zero)
1595,N/A,348/2026,N/A,N/A,202060268,0202060268,,Auto-Correção (Omissão de Zero)
1596,N/A,348/2026,N/A,N/A,202060276,0202060276,,Auto-Correção (Omissão de Zero)
1597,N/A,348/2026,N/A,N/A,202060292,0202060292,,Auto-Correção (Omissão de Zero)
1598,N/A,348/2026,N/A,N/A,202060306,0202060306,,Auto-Correção (Omissão de Zero)
1599,N/A,348/2026,N/A,N/A,202060322,0202060322,,Auto-Correção (Omissão de Zero)
1600,N/A,348/2026,N/A,N/A,202060330,0202060330,,Auto-Correção (Omissão de Zero)
1601,N/A,348/2026,N/A,N/A,202060349,0202060349,,Auto-Correção (Omissão de Zero)
1602,N/A,348/2026,N/A,N/A,202060357,0202060357,,Auto-Correção (Omissão de Zero)
1603,N/A,348/2026,N/A,N/A,202060365,0202060365,,Auto-Correção (Omissão de Zero)
1604,N/A,348/2026,N/A,N/A,202060373,0202060373,,Auto-Correção (Omissão de Zero)
1605,N/A,348/2026,N/A,N/A,202060381,0202060381,,Auto-Correção (Omissão de Zero)
1606,N/A,348/2026,N/A,N/A,202060390,0202060390,,Auto-Correção (Omissão de Zero)
1607,N/A,348/2026,N/A,N/A,202070050,0202070050,,Auto-Correção (Omissão de Zero)
1608,N/A,348/2026,N/A,N/A,202070158,0202070158,,Auto-Correção (Omissão de Zero)
1609,N/A,348/2026,N/A,N/A,202070352,0202070352,,Auto-Correção (Omissão de Zero)
1610,N/A,348/2026,N/A,N/A,202080013,0202080013,,Auto-Correção (Omissão de Zero)
1611,N/A,348/2026,N/A,N/A,202080072,0202080072,,Auto-Correção (Omissão de Zero)
1612,N/A,348/2026,N/A,N/A,202080080,0202080080,,Auto-Correção (Omissão de Zero)
1613,N/A,348/2026,N/A,N/A,202080110,0202080110,,Auto-Correção (Omissão de Zero)
1614,N/A,348/2026,N/A,N/A,202080129,0202080129,,Auto-Correção (Omissão de Zero)
1615,N/A,348/2026,N/A,N/A,202080137,0202080137,,Auto-Correção (Omissão de Zero)
1616,N/A,348/2026,N/A,N/A,202080145,0202080145,,Auto-Correção (Omissão de Zero)
1617,N/A,348/2026,N/A,N/A,202120023,0202120023,,Auto-Correção (Omissão de Zero)
1618,N/A,348/2026,N/A,N/A,202120082,0202120082,,Auto-Correção (Omissão de Zero)
1619,N/A,348/2026,N/A,N/A,202120090,0202120090,,Auto-Correção (Omissão de Zero)
1620,N/A,348/2026,N/A,N/A,202030318,0202030318,,Auto-Correção (Omissão de Zero)
1621,N/A,162/2024,N/A,N/A,208010025,0208010025,,Auto-Correção (Omissão de Zero)
1622,N/A,162/2024,N/A,N/A,208010033,0208010033,,Auto-Correção (Omissão de Zero)
1623,N/A,162/2024,N/A,N/A,208010041,0208010041,,Auto-Correção (Omissão de Zero)
1624,N/A,162/2024,N/A,N/A,208010050,0208010050,,Auto-Correção (Omissão de Zero)
1625,N/A,162/2024,N/A,N/A,208010068,0208010068,,Auto-Correção (Omissão de Zero)
1626,N/A,162/2024,N/A,N/A,208010076,0208010076,,Auto-Correção (Omissão de Zero)
1627,N/A,162/2024,N/A,N/A,208010084,0208010084,,Auto-Correção (Omissão de Zero)
1628,N/A,162/2024,N/A,N/A,208010092,0208010092,,Auto-Correção (Omissão de Zero)
1629,N/A,162/2024,N/A,N/A,208020012,0208020012,,Auto-Correção (Omissão de Zero)
1630,N/A,162/2024,N/A,N/A,208020039,0208020039,,Auto-Correção (Omissão de Zero)
1631,N/A,162/2024,N/A,N/A,208020055,0208020055,,Auto-Correção (Omissão de Zero)
1632,N/A,162/2024,N/A,N/A,208020063,0208020063,,Auto-Correção (Omissão de Zero)
1633,N/A,162/2024,N/A,N/A,208020071,0208020071,,Auto-Correção (Omissão de Zero)
1634,N/A,162/2024,N/A,N/A,208020080,0208020080,,Auto-Correção (Omissão de Zero)
1635,N/A,162/2024,N/A,N/A,208020098,0208020098,,Auto-Correção (Omissão de Zero)
1636,N/A,162/2024,N/A,N/A,208020101,0208020101,,Auto-Correção (Omissão de Zero)
1637,N/A,162/2024,N/A,N/A,208020110,0208020110,,Auto-Correção (Omissão de Zero)
1638,N/A,162/2024,N/A,N/A,208020128,0208020128,,Auto-Correção (Omissão de Zero)
1639,N/A,162/2024,N/A,N/A,208030018,0208030018,,Auto-Correção (Omissão de Zero)
1640,N/A,162/2024,N/A,N/A,208030026,0208030026,,Auto-Correção (Omissão de Zero)
1641,N/A,162/2024,N/A,N/A,208030034,0208030034,,Auto-Correção (Omissão de Zero)
1642,N/A,162/2024,N/A,N/A,208030042,0208030042,,Auto-Correção (Omissão de Zero)
1643,N/A,162/2024,N/A,N/A,208030050,0208030050,,Auto-Correção (Omissão de Zero)
1644,N/A,162/2024,N/A,N/A,208040021,0208040021,,Auto-Correção (Omissão de Zero)
1645,N/A,162/2024,N/A,N/A,208040030,0208040030,,Auto-Correção (Omissão de Zero)
1646,N/A,162/2024,N/A,N/A,208040056,0208040056,,Auto-Correção (Omissão de Zero)
1647,N/A,162/2024,N/A,N/A,208040064,0208040064,,Auto-Correção (Omissão de Zero)
1648,N/A,162/2024,N/A,N/A,208040072,0208040072,,Auto-Correção (Omissão de Zero)
1649,N/A,162/2024,N/A,N/A,208040080,0208040080,,Auto-Correção (Omissão de Zero)
1650,N/A,162/2024,N/A,N/A,208040099,0208040099,,Auto-Correção (Omissão de Zero)
1651,N/A,162/2024,N/A,N/A,208040102,0208040102,,Auto-Correção (Omissão de Zero)
1652,N/A,162/2024,N/A,N/A,208050019,0208050019,,Auto-Correção (Omissão de Zero)
1653,N/A,162/2024,N/A,N/A,208050035,0208050035,,Auto-Correção (Omissão de Zero)
1654,N/A,162/2024,N/A,N/A,208060022,0208060022,,Auto-Correção (Omissão de Zero)
1655,N/A,162/2024,N/A,N/A,208060030,0208060030,,Auto-Correção (Omissão de Zero)
1656,N/A,162/2024,N/A,N/A,208070028,0208070028,,Auto-Correção (Omissão de Zero)
1657,N/A,162/2024,N/A,N/A,208070036,0208070036,,Auto-Correção (Omissão de Zero)
1658,N/A,162/2024,N/A,N/A,208070044,0208070044,,Auto-Correção (Omissão de Zero)
1659,N/A,162/2024,N/A,N/A,208080015,0208080015,,Auto-Correção (Omissão de Zero)
1660,N/A,162/2024,N/A,N/A,208080023,0208080023,,Auto-Correção (Omissão de Zero)
1661,N/A,162/2024,N/A,N/A,208080031,0208080031,,Auto-Correção (Omissão de Zero)
1662,N/A,162/2024,N/A,N/A,208080040,0208080040,,Auto-Correção (Omissão de Zero)
1663,N/A,162/2024,N/A,N/A,208090029,0208090029,,Auto-Correção (Omissão de Zero)
1664,N/A,162/2024,N/A,N/A,208090037,0208090037,,Auto-Correção (Omissão de Zero)
1665,N/A,162/2024,N/A,N/A,303120053,0303120053,,Auto-Correção (Omissão de Zero)
1666,N/A,162/2024,N/A,N/A,303120061,0303120061,,Auto-Correção (Omissão de Zero)
1667,N/A,162/2024,N/A,N/A,303120070,0303120070,,Auto-Correção (Omissão de Zero)
1668,N/A,162/2024,N/A,N/A,304090018,0304090018,,Auto-Correção (Omissão de Zero)
1669,N/A,162/2024,N/A,N/A,304090026,0304090026,,Auto-Correção (Omissão de Zero)
1670,N/A,162/2024,N/A,N/A,304090034,0304090034,,Auto-Correção (Omissão de Zero)
1671,N/A,162/2024,N/A,N/A,304090042,0304090042,,Auto-Correção (Omissão de Zero)
1672,N/A,162/2024,N/A,N/A,304090050,0304090050,,Auto-Correção (Omissão de Zero)
1673,N/A,162/2024,N/A,N/A,304090069,0304090069,,Auto-Correção (Omissão de Zero)
1674,N/A,350/2026,N/A,N/A,905010019,0905010019,,Auto-Correção (Omissão de Zero)
1675,N/A,350/2026,N/A,N/A,905010035,0905010035,,Auto-Correção (Omissão de Zero)
1676,N/A,350/2026,N/A,N/A,905010043,0905010043,,Auto-Correção (Omissão de Zero)
1677,N/A,350/2026,N/A,N/A,905010078,0905010078,,Auto-Correção (Omissão de Zero)
1678,N/A,350/2026,N/A,N/A,905010027,0905010027,,Auto-Correção (Omissão de Zero)
1679,N/A,350/2026,N/A,N/A,905010051,0905010051,,Auto-Correção (Omissão de Zero)
1680,N/A,350/2026,N/A,N/A,905010060,0905010060,,Auto-Correção (Omissão de Zero)
1681,N/A,351/2026,N/A,N/A,905010019,0905010019,,Auto-Correção (Omissão de Zero)
1682,N/A,351/2026,N/A,N/A,905010035,0905010035,,Auto-Correção (Omissão de Zero)
1683,N/A,351/2026,N/A,N/A,905010043,0905010043,,Auto-Correção (Omissão de Zero)
1684,N/A,351/2026,N/A,N/A,905010078,0905010078,,Auto-Correção (Omissão de Zero)
1685,N/A,351/2026,N/A,N/A,905010027,0905010027,,Auto-Correção (Omissão de Zero)
1686,N/A,351/2026,N/A,N/A,905010051,0905010051,,Auto-Correção (Omissão de Zero)
1687,N/A,351/2026,N/A,N/A,905010060,0905010060,,Auto-Correção (Omissão de Zero)
1688,N/A,352/2026,N/A,N/A,905010019,0905010019,,Auto-Correção (Omissão de Zero)
1689,N/A,352/2026,N/A,N/A,905010035,0905010035,,Auto-Correção (Omissão de Zero)
1690,N/A,352/2026,N/A,N/A,905010043,0905010043,,Auto-Correção (Omissão de Zero)
1691,N/A,352/2026,N/A,N/A,905010078,0905010078,,Auto-Correção (Omissão de Zero)
1692,N/A,352/2026,N/A,N/A,905010027,0905010027,,Auto-Correção (Omissão de Zero)
1693,N/A,352/2026,N/A,N/A,905010051,0905010051,,Auto-Correção (Omissão de Zero)
1694,N/A,352/2026,N/A,N/A,905010060,0905010060,,Auto-Correção (Omissão de Zero)
1695,N/A,353/2026,N/A,N/A,905010019,0905010019,,Auto-Correção (Omissão de Zero)
1696,N/A,353/2026,N/A,N/A,905010035,0905010035,,Auto-Correção (Omissão de Zero)
1697,N/A,353/2026,N/A,N/A,905010043,0905010043,,Auto-Correção (Omissão de Zero)
1698,N/A,353/2026,N/A,N/A,905010078,0905010078,,Auto-Correção (Omissão de Zero)
1699,N/A,353/2026,N/A,N/A,905010027,0905010027,,Auto-Correção (Omissão de Zero)
1700,N/A,353/2026,N/A,N/A,905010051,0905010051,,Auto-Correção (Omissão de Zero)
1701,N/A,353/2026,N/A,N/A,905010060,0905010060,,Auto-Correção (Omissão de Zero)
1702,N/A,354/2026,N/A,N/A,905010019,0905010019,,Auto-Correção (Omissão de Zero)
1703,N/A,354/2026,N/A,N/A,905010035,0905010035,,Auto-Correção (Omissão de Zero)
1704,N/A,354/2026,N/A,N/A,905010043,0905010043,,Auto-Correção (Omissão de Zero)
1705,N/A,354/2026,N/A,N/A,905010078,0905010078,,Auto-Correção (Omissão de Zero)
1706,N/A,354/2026,N/A,N/A,905010027,0905010027,,Auto-Correção (Omissão de Zero)
1707,N/A,354/2026,N/A,N/A,905010051,0905010051,,Auto-Correção (Omissão de Zero)
1708,N/A,354/2026,N/A,N/A,905010060,0905010060,,Auto-Correção (Omissão de Zero)
1709,N/A,369/2026,N/A,N/A,905010019,0905010019,,Auto-Correção (Omissão de Zero)
1710,N/A,369/2026,N/A,N/A,905010035,0905010035,,Auto-Correção (Omissão de Zero)
1711,N/A,369/2026,N/A,N/A,905010043,0905010043,,Auto-Correção (Omissão de Zero)
1712,N/A,369/2026,N/A,N/A,905010078,0905010078,,Auto-Correção (Omissão de Zero)
1713,N/A,369/2026,N/A,N/A,905010027,0905010027,,Auto-Correção (Omissão de Zero)
1714,N/A,369/2026,N/A,N/A,905010051,0905010051,,Auto-Correção (Omissão de Zero)
1715,N/A,369/2026,N/A,N/A,905010060,0905010060,,Auto-Correção (Omissão de Zero)
